-- phpMyAdmin SQL Dump
-- version 4.8.4
-- https://www.phpmyadmin.net/
--
-- Host: 127.0.0.1
-- Generation Time: Feb 06, 2019 at 08:24 AM
-- Server version: 10.1.37-MariaDB
-- PHP Version: 7.3.1

SET SQL_MODE = "NO_AUTO_VALUE_ON_ZERO";
SET AUTOCOMMIT = 0;
START TRANSACTION;
SET time_zone = "+00:00";


/*!40101 SET @OLD_CHARACTER_SET_CLIENT=@@CHARACTER_SET_CLIENT */;
/*!40101 SET @OLD_CHARACTER_SET_RESULTS=@@CHARACTER_SET_RESULTS */;
/*!40101 SET @OLD_COLLATION_CONNECTION=@@COLLATION_CONNECTION */;
/*!40101 SET NAMES utf8mb4 */;

--
-- Database: `ecommerce_api`
--

-- --------------------------------------------------------

--
-- Table structure for table `migrations`
--

CREATE TABLE `migrations` (
  `id` int(10) UNSIGNED NOT NULL,
  `migration` varchar(255) COLLATE utf8mb4_unicode_ci NOT NULL,
  `batch` int(11) NOT NULL
) ENGINE=InnoDB DEFAULT CHARSET=utf8mb4 COLLATE=utf8mb4_unicode_ci;

--
-- Dumping data for table `migrations`
--

INSERT INTO `migrations` (`id`, `migration`, `batch`) VALUES
(1, '2014_10_12_000000_create_users_table', 1),
(2, '2014_10_12_100000_create_password_resets_table', 1),
(3, '2019_02_06_054225_create_products_table', 1),
(4, '2019_02_06_054348_create_reviews_table', 1);

-- --------------------------------------------------------

--
-- Table structure for table `password_resets`
--

CREATE TABLE `password_resets` (
  `email` varchar(100) COLLATE utf8mb4_unicode_ci NOT NULL,
  `token` varchar(255) COLLATE utf8mb4_unicode_ci NOT NULL,
  `created_at` timestamp NULL DEFAULT NULL
) ENGINE=InnoDB DEFAULT CHARSET=utf8mb4 COLLATE=utf8mb4_unicode_ci;

-- --------------------------------------------------------

--
-- Table structure for table `products`
--

CREATE TABLE `products` (
  `id` int(10) UNSIGNED NOT NULL,
  `name` varchar(255) COLLATE utf8mb4_unicode_ci NOT NULL,
  `detail` text COLLATE utf8mb4_unicode_ci NOT NULL,
  `price` int(11) NOT NULL,
  `stock` int(11) NOT NULL,
  `discount` int(11) NOT NULL,
  `created_at` timestamp NULL DEFAULT NULL,
  `updated_at` timestamp NULL DEFAULT NULL
) ENGINE=InnoDB DEFAULT CHARSET=utf8mb4 COLLATE=utf8mb4_unicode_ci;

--
-- Dumping data for table `products`
--

INSERT INTO `products` (`id`, `name`, `detail`, `price`, `stock`, `discount`, `created_at`, `updated_at`) VALUES
(1, 'quos', 'Cumque qui ut placeat est enim aut nesciunt nesciunt. Perspiciatis aut cupiditate sint est. Quo omnis eum ipsa qui amet aut.', 706, 5, 30, '2019-02-06 01:23:09', '2019-02-06 01:23:09'),
(2, 'laboriosam', 'Porro maxime maiores corrupti at qui reiciendis sed. Rerum libero unde qui omnis qui omnis.', 715, 6, 18, '2019-02-06 01:23:09', '2019-02-06 01:23:09'),
(3, 'quo', 'Aut molestiae quis pariatur facilis cumque dolorem vel. Corporis architecto cupiditate aperiam. Vitae incidunt aut at eos.', 413, 0, 25, '2019-02-06 01:23:09', '2019-02-06 01:23:09'),
(4, 'corporis', 'Sequi quas reiciendis non nisi. Non dolorem amet voluptates itaque est. Ipsam in aperiam labore dolor autem tempora ea.', 625, 3, 19, '2019-02-06 01:23:09', '2019-02-06 01:23:09'),
(5, 'eius', 'Aut corporis vel eum officiis deleniti. Sunt quia molestias et consequatur eos quas.', 542, 5, 17, '2019-02-06 01:23:09', '2019-02-06 01:23:09'),
(6, 'sint', 'Architecto id dolorem excepturi ut tempora. Incidunt consequatur quis quia et. Recusandae provident aut aliquam.', 595, 6, 11, '2019-02-06 01:23:09', '2019-02-06 01:23:09'),
(7, 'aliquid', 'Repellat qui ut sunt aut id incidunt molestiae voluptatem. Nostrum et voluptate ex minima. Quia saepe laborum eum rerum.', 212, 7, 16, '2019-02-06 01:23:09', '2019-02-06 01:23:09'),
(8, 'est', 'Nihil molestias quo perspiciatis pariatur aut in in quia. Distinctio dicta nobis omnis officia. Adipisci in vitae tempora molestias distinctio. Quo neque sed eum.', 318, 6, 14, '2019-02-06 01:23:09', '2019-02-06 01:23:09'),
(9, 'iusto', 'Est harum placeat quo sed sequi. Error necessitatibus aut dolorum et perspiciatis nulla deserunt. Aut quod repudiandae voluptatem enim accusamus omnis ut. Voluptatem rerum voluptates deleniti eum qui.', 555, 2, 19, '2019-02-06 01:23:09', '2019-02-06 01:23:09'),
(10, 'sint', 'Porro aut laboriosam et eos omnis. Voluptatem veniam id ullam ut. Ut placeat aut et sit ea incidunt. Et laborum repellat sapiente quia quia distinctio assumenda.', 513, 8, 17, '2019-02-06 01:23:09', '2019-02-06 01:23:09'),
(11, 'eaque', 'Ut omnis molestiae ullam illum. Ducimus vel quasi perspiciatis possimus et sint ipsum. Quas harum blanditiis laborum corrupti et nisi pariatur sed. Ipsam ea quibusdam perspiciatis est. Commodi omnis qui harum.', 573, 0, 5, '2019-02-06 01:23:09', '2019-02-06 01:23:09'),
(12, 'voluptatibus', 'Voluptas eligendi atque aut accusamus. Fugit quaerat rerum id ullam distinctio porro dolores. Voluptas labore eos aliquam. Recusandae est ipsum error in minus ab.', 788, 0, 27, '2019-02-06 01:23:09', '2019-02-06 01:23:09'),
(13, 'exercitationem', 'Sapiente ullam ea tempore. Autem assumenda libero aut consequatur aut. Soluta id ea architecto voluptatem tempora voluptatibus.', 899, 1, 21, '2019-02-06 01:23:09', '2019-02-06 01:23:09'),
(14, 'praesentium', 'Adipisci accusantium mollitia amet maiores harum officiis sit. Ratione consequatur ut cupiditate itaque. Quam beatae illo sunt cumque architecto commodi. Recusandae in incidunt eum.', 571, 8, 25, '2019-02-06 01:23:09', '2019-02-06 01:23:09'),
(15, 'corporis', 'Recusandae mollitia quisquam aut aperiam. Et saepe perferendis consectetur. Asperiores laboriosam aliquam aperiam reprehenderit dolores qui. Ut eum occaecati exercitationem quos.', 188, 7, 9, '2019-02-06 01:23:09', '2019-02-06 01:23:09'),
(16, 'sit', 'Eaque et omnis qui a voluptatibus voluptatem. At qui sed ut voluptatem quibusdam porro. Itaque maiores ut autem quidem earum animi eum dolores.', 833, 4, 7, '2019-02-06 01:23:09', '2019-02-06 01:23:09'),
(17, 'ut', 'Ut accusantium vero voluptatem est. Officiis praesentium itaque ut nihil ipsa maiores. Maiores sint maiores quam sit.', 548, 3, 23, '2019-02-06 01:23:09', '2019-02-06 01:23:09'),
(18, 'omnis', 'Necessitatibus architecto voluptatem quas et. Hic at qui aspernatur numquam modi quam. Recusandae voluptatem molestiae quia sit aut corporis quisquam. Est nihil et architecto eos ut.', 560, 4, 5, '2019-02-06 01:23:09', '2019-02-06 01:23:09'),
(19, 'nam', 'Sint sed voluptas commodi totam vitae sint. Neque nobis ut nostrum voluptatem delectus saepe nostrum exercitationem. Quod debitis aspernatur vitae deleniti illo suscipit. Commodi voluptas velit debitis excepturi saepe praesentium minima tempore.', 424, 1, 13, '2019-02-06 01:23:09', '2019-02-06 01:23:09'),
(20, 'recusandae', 'Omnis labore tenetur non. Consequatur quae beatae placeat deleniti. Aut officia voluptates harum deserunt iste ut omnis.', 781, 0, 18, '2019-02-06 01:23:09', '2019-02-06 01:23:09'),
(21, 'quia', 'In quia quo voluptas dolorem aut est nobis voluptas. Et et quae temporibus distinctio voluptatibus. Quia nisi harum voluptates magnam aut quis.', 612, 8, 26, '2019-02-06 01:23:09', '2019-02-06 01:23:09'),
(22, 'delectus', 'Commodi ut similique quos rerum necessitatibus omnis error similique. Magni optio possimus quibusdam quia. Non ab officiis qui ut ad enim doloribus.', 835, 6, 5, '2019-02-06 01:23:09', '2019-02-06 01:23:09'),
(23, 'fuga', 'A quia velit voluptatem maxime officia sit sunt. Aut molestiae quas quod est natus. Unde nesciunt neque eius consequatur.', 622, 0, 18, '2019-02-06 01:23:09', '2019-02-06 01:23:09'),
(24, 'magnam', 'Aperiam eaque numquam et vero. Accusantium necessitatibus illo id ea quidem. Quis reprehenderit voluptatum corrupti quod ut voluptas.', 184, 8, 25, '2019-02-06 01:23:10', '2019-02-06 01:23:10'),
(25, 'sed', 'Nam reprehenderit possimus repellat quasi. Facilis optio minima reprehenderit. Animi et rerum fugiat culpa est.', 706, 4, 17, '2019-02-06 01:23:10', '2019-02-06 01:23:10'),
(26, 'voluptatem', 'Animi omnis nisi et quia quia. Dolores sint rerum quasi incidunt culpa mollitia. Odit mollitia qui mollitia hic.', 801, 0, 5, '2019-02-06 01:23:10', '2019-02-06 01:23:10'),
(27, 'corrupti', 'Dolorem impedit ullam voluptatum at quia quibusdam. Et quisquam repellat ipsam qui repellendus iste repellat dignissimos. Nobis ab error fuga sint molestias quasi sequi et. Quia quis incidunt labore omnis molestiae ea.', 895, 6, 16, '2019-02-06 01:23:10', '2019-02-06 01:23:10'),
(28, 'labore', 'Quibusdam nulla quia placeat. Ipsum fuga optio aut vitae ipsum qui.', 487, 4, 24, '2019-02-06 01:23:10', '2019-02-06 01:23:10'),
(29, 'harum', 'Saepe et a velit. Minus at esse labore quos incidunt cumque fuga. Iusto quaerat vero harum omnis. Ducimus adipisci vel cum laborum.', 209, 7, 9, '2019-02-06 01:23:10', '2019-02-06 01:23:10'),
(30, 'similique', 'Voluptatem sint ratione enim esse voluptatibus. Sed deserunt optio tempore laboriosam hic. Quia ut rerum repellat reiciendis possimus laborum quis. Rem quis aut minima nobis est beatae.', 959, 9, 20, '2019-02-06 01:23:10', '2019-02-06 01:23:10'),
(31, 'odio', 'Et officiis illum repellat nobis beatae nihil. Rem consequatur maxime laborum optio dolor. Id qui reiciendis itaque amet.', 312, 9, 29, '2019-02-06 01:23:10', '2019-02-06 01:23:10'),
(32, 'quia', 'Laborum quibusdam repudiandae quos autem suscipit. Nostrum ea minus officia velit nihil. Dolorem et adipisci itaque ad.', 939, 1, 16, '2019-02-06 01:23:10', '2019-02-06 01:23:10'),
(33, 'at', 'Deserunt inventore magnam ut magni voluptatem voluptatem adipisci. Nulla saepe consequatur fugiat unde. Id tempora voluptas sint voluptatem. Non voluptas sint eligendi doloribus quae sint.', 384, 0, 17, '2019-02-06 01:23:10', '2019-02-06 01:23:10'),
(34, 'tempore', 'Autem autem adipisci et atque quos quas mollitia. Consectetur reprehenderit aut adipisci amet dolor est voluptates necessitatibus.', 773, 6, 14, '2019-02-06 01:23:10', '2019-02-06 01:23:10'),
(35, 'reprehenderit', 'Molestiae sit enim qui id. Dolores nam aut tempore. Nam commodi illo eveniet dolore. Quia rerum nobis quasi deserunt officia quis consequuntur tempore.', 704, 7, 22, '2019-02-06 01:23:10', '2019-02-06 01:23:10'),
(36, 'vel', 'Magnam id et et ut pariatur nobis qui. Nulla et sunt sit praesentium veritatis accusantium architecto. Autem commodi quibusdam quia ut reprehenderit. Similique iure id sunt quae adipisci iure debitis. Aut amet sed itaque voluptatibus.', 807, 3, 30, '2019-02-06 01:23:10', '2019-02-06 01:23:10'),
(37, 'qui', 'Tempore molestias voluptas necessitatibus. Et vero molestiae nobis. Omnis repellendus dignissimos totam impedit et. Accusantium qui reiciendis aspernatur debitis.', 987, 1, 26, '2019-02-06 01:23:10', '2019-02-06 01:23:10'),
(38, 'placeat', 'In et quas aliquid quas eos harum nam. Inventore vero aspernatur ea praesentium occaecati sint. Eveniet officia recusandae ipsum quia. Est minus optio provident asperiores.', 988, 0, 8, '2019-02-06 01:23:10', '2019-02-06 01:23:10'),
(39, 'non', 'Eveniet dicta soluta ut repellat et quasi officia. Aliquid ullam quis ad tenetur magni. Voluptas corporis expedita debitis error tenetur. Quis culpa ex aut quis facilis magnam quis.', 343, 3, 2, '2019-02-06 01:23:10', '2019-02-06 01:23:10'),
(40, 'atque', 'Ipsa id beatae qui tempora libero dolorem omnis. Pariatur est rerum quasi.', 265, 2, 8, '2019-02-06 01:23:10', '2019-02-06 01:23:10'),
(41, 'tenetur', 'Corporis dolorem minus aut in qui. Quia id neque soluta aliquid blanditiis necessitatibus. Aut enim rerum et facilis blanditiis aut error magni. Voluptatem voluptatem ratione mollitia totam minima in commodi. Ducimus odio sit voluptate velit.', 999, 4, 19, '2019-02-06 01:23:10', '2019-02-06 01:23:10'),
(42, 'beatae', 'Perspiciatis tenetur voluptas esse odit voluptatem. Neque officiis tempore ut accusamus.', 461, 8, 27, '2019-02-06 01:23:10', '2019-02-06 01:23:10'),
(43, 'dolorum', 'Et quos dignissimos accusamus voluptates. Quae velit et quas odit assumenda. A non eum deleniti quo iste dolorem maiores. Dignissimos est occaecati quo enim odit.', 271, 3, 26, '2019-02-06 01:23:10', '2019-02-06 01:23:10'),
(44, 'tempore', 'Perferendis laborum quod est ut quo earum consequatur. Ut est modi quia ratione occaecati autem officiis. Distinctio accusantium ullam sed consectetur aut voluptatem. Nam tenetur ad omnis aut.', 441, 1, 5, '2019-02-06 01:23:10', '2019-02-06 01:23:10'),
(45, 'non', 'Atque et perferendis praesentium ullam ullam quo at. Debitis debitis aut saepe voluptas est repellat. Modi eos omnis praesentium asperiores non.', 841, 5, 27, '2019-02-06 01:23:10', '2019-02-06 01:23:10'),
(46, 'aspernatur', 'Est fuga eligendi asperiores eligendi officiis blanditiis sed. Fuga modi est dolor omnis in et. Amet sint assumenda exercitationem minima et. Officia et est aut non commodi dolorem voluptatum.', 199, 1, 24, '2019-02-06 01:23:10', '2019-02-06 01:23:10'),
(47, 'illo', 'Reiciendis porro id quos rerum ipsum numquam mollitia. Labore ipsa molestiae assumenda aut qui ad quae. Repellat et dolorem reiciendis dolore ea voluptates iure dolorem. Sequi eum expedita laborum id.', 872, 1, 18, '2019-02-06 01:23:10', '2019-02-06 01:23:10'),
(48, 'officia', 'Aperiam nihil facere in. Voluptatem corporis doloremque molestiae quod eos voluptatem. Mollitia at laborum nisi dolor reiciendis enim tempore excepturi. Ad magni dolor tempora repudiandae saepe laudantium fuga.', 183, 3, 2, '2019-02-06 01:23:10', '2019-02-06 01:23:10'),
(49, 'accusamus', 'Dignissimos quo porro omnis iste. Magni sunt ab illum ut. Omnis ut veniam ea impedit.', 803, 0, 21, '2019-02-06 01:23:10', '2019-02-06 01:23:10'),
(50, 'dolorem', 'Quia animi ut optio rerum fugit tempora omnis. Aliquam earum alias nobis omnis. Consectetur alias quis quam temporibus.', 248, 5, 10, '2019-02-06 01:23:10', '2019-02-06 01:23:10');

-- --------------------------------------------------------

--
-- Table structure for table `reviews`
--

CREATE TABLE `reviews` (
  `id` int(10) UNSIGNED NOT NULL,
  `product_id` int(10) UNSIGNED NOT NULL,
  `customer` varchar(255) COLLATE utf8mb4_unicode_ci NOT NULL,
  `review` text COLLATE utf8mb4_unicode_ci NOT NULL,
  `star` int(11) NOT NULL,
  `created_at` timestamp NULL DEFAULT NULL,
  `updated_at` timestamp NULL DEFAULT NULL
) ENGINE=InnoDB DEFAULT CHARSET=utf8mb4 COLLATE=utf8mb4_unicode_ci;

--
-- Dumping data for table `reviews`
--

INSERT INTO `reviews` (`id`, `product_id`, `customer`, `review`, `star`, `created_at`, `updated_at`) VALUES
(1, 41, 'Tate Prohaska', 'Similique et sapiente nihil atque magnam totam. Minima ut eligendi quia iste ipsam. Voluptatem eligendi facilis iure expedita ab.', 4, '2019-02-06 01:23:11', '2019-02-06 01:23:11'),
(2, 3, 'Dr. Germaine Dooley', 'Iure nostrum ratione nemo est laborum ipsum eligendi excepturi. Nihil culpa deleniti tempore delectus illum. Laudantium et dignissimos animi vitae nobis est quod aut. Reiciendis ut sunt aspernatur quis saepe ut rerum.', 4, '2019-02-06 01:23:11', '2019-02-06 01:23:11'),
(3, 17, 'Dr. Ford Haley', 'Esse excepturi vel voluptate. Culpa odio alias assumenda libero esse. Minus quia quia eum esse corrupti enim voluptatem.', 2, '2019-02-06 01:23:11', '2019-02-06 01:23:11'),
(4, 21, 'Annie Kutch', 'Ex ut accusantium sunt iusto rem ea ea. Voluptatem voluptatem et molestiae qui fugiat dolorum amet ab. Quasi quae adipisci voluptatem dolorem. Voluptatem pariatur voluptatibus magnam error sed.', 1, '2019-02-06 01:23:11', '2019-02-06 01:23:11'),
(5, 19, 'Ms. Gladys Daniel DDS', 'Id incidunt dolores ab autem consequuntur. Beatae soluta molestiae et repudiandae. Est cumque facilis voluptatem eum illo similique modi.', 1, '2019-02-06 01:23:11', '2019-02-06 01:23:11'),
(6, 23, 'Esta Hoeger', 'Alias eaque repellendus quasi officia. Qui porro labore alias cupiditate hic. Quasi qui voluptates ut voluptatem sed.', 0, '2019-02-06 01:23:11', '2019-02-06 01:23:11'),
(7, 33, 'Josie Bernhard', 'Eveniet eos voluptas eum sit quam est ut. Quas ut enim placeat eaque sed.', 4, '2019-02-06 01:23:11', '2019-02-06 01:23:11'),
(8, 3, 'Mr. Johann Bode Sr.', 'Omnis voluptatem sequi sed molestiae. Repellat iusto amet animi velit quia quaerat voluptatibus. Architecto ea tempora sit adipisci quasi voluptatem libero. Nisi eius reprehenderit atque.', 4, '2019-02-06 01:23:11', '2019-02-06 01:23:11'),
(9, 26, 'Dr. Kyra Schumm', 'Similique iusto quas et earum ratione. Quod quia et eaque id. Nihil est autem et eius.', 4, '2019-02-06 01:23:11', '2019-02-06 01:23:11'),
(10, 23, 'Ezekiel Adams', 'Magni quidem modi quia quibusdam deleniti dolor doloribus. Eos illo consectetur expedita similique ex. Reiciendis incidunt quasi quaerat voluptas quia alias. Et consectetur quis autem nam deserunt unde.', 3, '2019-02-06 01:23:11', '2019-02-06 01:23:11'),
(11, 13, 'Athena Bahringer', 'Et corporis et hic molestiae quae. Enim dolorum laudantium sunt ut delectus ad molestiae. Ab non et vitae facere modi veniam nulla. Ullam et omnis fugit.', 3, '2019-02-06 01:23:11', '2019-02-06 01:23:11'),
(12, 46, 'Marisa Blick MD', 'Necessitatibus non est debitis voluptate cum dolor. Adipisci qui et neque. Maiores ipsa cupiditate et dolor. Perspiciatis quasi ipsum eligendi odio est.', 0, '2019-02-06 01:23:11', '2019-02-06 01:23:11'),
(13, 42, 'Agnes Satterfield', 'Voluptas voluptate voluptate aut. Rerum placeat exercitationem ipsa velit placeat aliquam praesentium. Iusto sapiente aut eos quis.', 5, '2019-02-06 01:23:11', '2019-02-06 01:23:11'),
(14, 15, 'Sigurd Wuckert', 'Aut quidem cumque odit. Perferendis voluptates libero et expedita dolores provident. Sit sunt non assumenda et aut. Laudantium magnam illum suscipit nam debitis alias.', 4, '2019-02-06 01:23:11', '2019-02-06 01:23:11'),
(15, 21, 'Alysson Lowe', 'Vero velit saepe qui quaerat. Quae iste et dolor eum. Possimus aut omnis ullam cupiditate nostrum distinctio laborum. Facere amet eius delectus tempore.', 4, '2019-02-06 01:23:11', '2019-02-06 01:23:11'),
(16, 40, 'Trenton Beatty', 'Optio laboriosam id nobis. Unde blanditiis et nesciunt maiores. Beatae rerum minima a exercitationem.', 3, '2019-02-06 01:23:11', '2019-02-06 01:23:11'),
(17, 46, 'Ms. Kimberly Torp V', 'Velit sunt labore deleniti in facilis necessitatibus. Corrupti excepturi nesciunt aut ut omnis id placeat inventore. Quaerat voluptas molestias eos veniam. Sed necessitatibus amet ut quaerat eaque quasi ratione. Dolor quia temporibus esse.', 3, '2019-02-06 01:23:11', '2019-02-06 01:23:11'),
(18, 13, 'Gerda Schamberger V', 'Doloribus sequi iure sunt ut nihil. Sapiente quia porro culpa dolor porro. Eum incidunt est perspiciatis.', 3, '2019-02-06 01:23:11', '2019-02-06 01:23:11'),
(19, 14, 'Pauline Fisher', 'Et est qui quae quo iure. Officiis perspiciatis repudiandae ratione quo vel. Iusto minus unde soluta omnis.', 0, '2019-02-06 01:23:11', '2019-02-06 01:23:11'),
(20, 2, 'Melissa Schroeder', 'Rerum et saepe dolores ut. Libero nesciunt alias quidem ea hic. Ab molestiae quod quia eaque et.', 0, '2019-02-06 01:23:11', '2019-02-06 01:23:11'),
(21, 14, 'Janiya Stoltenberg', 'Sapiente nesciunt aut aliquam est accusantium nostrum facere. Magni nam sapiente occaecati eum non corporis recusandae. Ea sint id et.', 4, '2019-02-06 01:23:11', '2019-02-06 01:23:11'),
(22, 36, 'Jaime Daugherty', 'Temporibus dolorum sed ut sunt. Autem pariatur sit ipsa accusamus. Fugiat et aspernatur ipsa id magni sint asperiores. Quis facere rerum ea et recusandae quasi aut.', 0, '2019-02-06 01:23:12', '2019-02-06 01:23:12'),
(23, 47, 'Lorenz Konopelski', 'Nobis rerum iste quaerat quae. Necessitatibus ducimus in molestiae sed. Quam eius nulla ut et sit error. Aut facere eos pariatur sed aspernatur eum.', 0, '2019-02-06 01:23:12', '2019-02-06 01:23:12'),
(24, 36, 'Beaulah Mertz', 'Et facere praesentium corrupti blanditiis similique facere. Vitae dolore est debitis eveniet voluptatem quaerat nulla at. Nesciunt totam est ea quia ut illum.', 1, '2019-02-06 01:23:12', '2019-02-06 01:23:12'),
(25, 30, 'Miss Earnestine Heathcote II', 'Modi fugit tempore eos deserunt quia magni esse. Beatae quod doloremque recusandae et magnam. In voluptas placeat ullam perferendis temporibus. Quam non ut esse quo aperiam qui.', 1, '2019-02-06 01:23:12', '2019-02-06 01:23:12'),
(26, 19, 'Felicia Lubowitz', 'Sed quaerat odit quis omnis ducimus commodi quibusdam. Dolore nihil accusamus in. Ex quia totam sed corporis neque iusto. Quasi odio et qui adipisci accusamus esse sit.', 5, '2019-02-06 01:23:12', '2019-02-06 01:23:12'),
(27, 37, 'Dawn Cassin', 'Non repellendus sint fugit dolore veritatis numquam deserunt. Qui eaque omnis voluptatem impedit et. Sunt distinctio provident non ea sint sint nihil.', 5, '2019-02-06 01:23:12', '2019-02-06 01:23:12'),
(28, 6, 'Tyler Jaskolski', 'Nihil possimus explicabo unde. Illo ut ea ut molestias. Dignissimos architecto expedita delectus illum. Explicabo adipisci a quas qui sint eligendi.', 3, '2019-02-06 01:23:12', '2019-02-06 01:23:12'),
(29, 38, 'Mr. Antwan Kiehn', 'A est dignissimos quia sunt sit dolore. Quia esse numquam praesentium dolor autem nihil ab. Impedit error molestias voluptatum atque veniam. Beatae placeat quisquam reprehenderit numquam perspiciatis nisi consequatur.', 1, '2019-02-06 01:23:12', '2019-02-06 01:23:12'),
(30, 16, 'Miss Elnora Johnson II', 'Doloribus et facilis nobis aperiam eveniet. Maiores quasi dolorem ut autem aut quam adipisci temporibus. Assumenda ab dolore ut molestiae explicabo fuga nihil temporibus. Optio est repellendus totam ea debitis qui accusamus aut.', 0, '2019-02-06 01:23:12', '2019-02-06 01:23:12'),
(31, 43, 'Monica Kirlin', 'Repellat sint dolor dolorem ducimus ut. Velit exercitationem cumque necessitatibus. Qui occaecati qui praesentium eum ut.', 3, '2019-02-06 01:23:12', '2019-02-06 01:23:12'),
(32, 46, 'Mrs. Alexanne O\'Keefe IV', 'Est blanditiis et quam eum. Et perspiciatis numquam in sunt impedit. Molestias sed consequatur iste sit. Aut unde doloremque id ut unde quia dolore. Non nesciunt est rem corrupti.', 1, '2019-02-06 01:23:12', '2019-02-06 01:23:12'),
(33, 19, 'Anissa D\'Amore', 'Sit voluptas consequuntur quos ad. Voluptatum odio accusantium magni excepturi sequi facilis. Libero esse quos molestiae sapiente reiciendis. Commodi voluptatem dolores sed qui non. Et tempore fugit quia nostrum accusamus nisi.', 2, '2019-02-06 01:23:12', '2019-02-06 01:23:12'),
(34, 38, 'Syble Langworth', 'Esse nostrum blanditiis architecto quia accusantium dolorum eligendi. Et dignissimos quia vitae mollitia labore. Natus nemo eligendi nihil laborum tempore blanditiis rem.', 1, '2019-02-06 01:23:12', '2019-02-06 01:23:12'),
(35, 42, 'Dr. Nedra Farrell V', 'Qui eum ut repellendus qui magnam excepturi dignissimos. Et ducimus sed repellat sit. Eaque sint sapiente placeat ex dolorem ut. Earum id et qui vel ea et aut velit.', 0, '2019-02-06 01:23:12', '2019-02-06 01:23:12'),
(36, 31, 'Genesis Crona V', 'Veritatis facilis harum cupiditate soluta et. Aperiam vitae accusantium perferendis dolores harum delectus. Alias deleniti qui necessitatibus consequatur quibusdam placeat fugiat fugit. Distinctio eos vel accusantium aperiam.', 2, '2019-02-06 01:23:12', '2019-02-06 01:23:12'),
(37, 16, 'Kadin Dare', 'Et et nam rerum eius repellat dolorum sint. Aut et voluptas harum dolores dicta quas quasi. Vel illum illum vitae sint. Ullam alias ut tempore tenetur voluptatum fuga.', 1, '2019-02-06 01:23:12', '2019-02-06 01:23:12'),
(38, 41, 'Dr. Vilma Raynor II', 'Dolore corrupti error molestiae et ea consequatur omnis. Velit voluptates minima non facilis consequatur.', 1, '2019-02-06 01:23:12', '2019-02-06 01:23:12'),
(39, 18, 'Malika Kuphal', 'Laudantium excepturi consequatur est et eos et. Dolor illum dolores doloribus culpa non odio. Ut sapiente et deserunt est.', 1, '2019-02-06 01:23:12', '2019-02-06 01:23:12'),
(40, 36, 'Rodrick Gutkowski', 'Beatae officiis recusandae perferendis veniam minus quas natus. Sit enim consequatur quis totam eveniet minima sapiente nam. Nihil ut consequatur est dolores. Aliquid laboriosam qui veritatis ut quia dolor et ex.', 0, '2019-02-06 01:23:12', '2019-02-06 01:23:12'),
(41, 21, 'Dr. Furman Satterfield I', 'Dolores quam doloribus aperiam sint. Id minus ut quo corrupti nam voluptatem accusantium. Voluptatem ad nesciunt tempore mollitia. Corrupti velit dolorem aliquam iure unde dolor.', 5, '2019-02-06 01:23:12', '2019-02-06 01:23:12'),
(42, 22, 'Erich Volkman', 'Quae natus ab amet minus aut sapiente inventore. Ut ut mollitia fugit eos ullam ipsam. Qui rem quis ea rerum nisi tempora.', 0, '2019-02-06 01:23:12', '2019-02-06 01:23:12'),
(43, 27, 'Ignacio Bergnaum DDS', 'Explicabo soluta molestiae accusamus aut. Quibusdam facere qui dignissimos similique culpa veniam. Necessitatibus ipsum occaecati magni ut cumque molestiae dolores. Et dolores consequatur voluptate incidunt. Consequatur non iure rerum aut.', 0, '2019-02-06 01:23:12', '2019-02-06 01:23:12'),
(44, 31, 'Kenton Quitzon', 'Qui dolore corrupti est placeat. Dolorum in ducimus quia asperiores maiores autem. Possimus quibusdam architecto et consequatur sed.', 0, '2019-02-06 01:23:12', '2019-02-06 01:23:12'),
(45, 26, 'Brennon Swift', 'Perspiciatis voluptatem laborum voluptas non. Totam et nesciunt reprehenderit fuga.', 3, '2019-02-06 01:23:12', '2019-02-06 01:23:12'),
(46, 15, 'Grayson Senger', 'Recusandae itaque aut vitae velit vel cupiditate perspiciatis. Vero molestiae voluptatibus quia quis necessitatibus eum. Totam in voluptas esse sed. Optio aut delectus quis rerum vel.', 0, '2019-02-06 01:23:12', '2019-02-06 01:23:12'),
(47, 8, 'Cassidy Mosciski', 'A repellat expedita consectetur fugiat ab dolore. Consequatur illum sint est nihil rem deleniti qui. Assumenda repellendus et quis perspiciatis porro omnis delectus molestias. Tempore amet cupiditate est numquam amet.', 2, '2019-02-06 01:23:12', '2019-02-06 01:23:12'),
(48, 49, 'Catherine Lowe DVM', 'Et dolores voluptatem vitae quis quibusdam et. In voluptas vero est reprehenderit ipsa. Et pariatur enim sint ea laborum sit quisquam. Aut qui et consequatur repellendus facilis aut.', 1, '2019-02-06 01:23:12', '2019-02-06 01:23:12'),
(49, 21, 'Rafaela Prohaska', 'Expedita aut vel omnis adipisci dolorum culpa. Quo maxime placeat deleniti laborum eum dolorem. Eveniet eos consequatur repellendus id sed. Iusto porro amet neque et amet soluta.', 3, '2019-02-06 01:23:13', '2019-02-06 01:23:13'),
(50, 31, 'Dr. Josie Pouros', 'Ut tempora voluptas ea. Repudiandae optio sit porro. Maiores corporis repudiandae ipsa earum earum harum.', 0, '2019-02-06 01:23:13', '2019-02-06 01:23:13'),
(51, 42, 'Rozella Cremin', 'Ut amet illo architecto corrupti et voluptas possimus omnis. Pariatur quasi qui dolorum eos voluptas soluta quo nobis. Voluptatum non similique hic. Tenetur consectetur autem dolores ducimus et quisquam.', 2, '2019-02-06 01:23:13', '2019-02-06 01:23:13'),
(52, 17, 'Meaghan Hegmann', 'Sint voluptatum placeat ut blanditiis quasi dolore fugiat consectetur. Veniam voluptate explicabo delectus maiores. Illo et fuga aut ab occaecati non voluptatum.', 2, '2019-02-06 01:23:13', '2019-02-06 01:23:13'),
(53, 43, 'Parker Wunsch', 'Quidem voluptate veniam vel. Facilis dolore accusantium cupiditate suscipit tenetur facere. Corporis eos esse nostrum et ratione libero architecto qui. Eum explicabo et exercitationem reprehenderit amet exercitationem repellendus fugit.', 2, '2019-02-06 01:23:13', '2019-02-06 01:23:13'),
(54, 41, 'Chanelle Cartwright', 'Aut veritatis iure eos magni laborum qui. Vero quis voluptatum velit perspiciatis nesciunt doloremque ut mollitia. Ipsa officia et magnam eveniet. Atque iste fugiat nihil aut aspernatur itaque.', 2, '2019-02-06 01:23:13', '2019-02-06 01:23:13'),
(55, 32, 'Savanah Cronin', 'Aspernatur ipsa alias et ut. Sed enim totam labore accusantium. Voluptate molestias minus voluptatibus at. Hic velit dolor molestiae magnam reprehenderit accusamus rem sapiente.', 5, '2019-02-06 01:23:13', '2019-02-06 01:23:13'),
(56, 16, 'Devin O\'Keefe', 'Porro accusamus dicta aut possimus sit quos nobis nostrum. Sint iste non eos voluptas et. Quia iste necessitatibus qui vel quia qui iusto delectus. Aperiam porro repudiandae officia ipsa qui.', 0, '2019-02-06 01:23:13', '2019-02-06 01:23:13'),
(57, 29, 'Philip Veum', 'Et alias numquam placeat ipsum voluptates repudiandae. Rerum sed recusandae repudiandae quis neque quo. Delectus aut odit aut temporibus quis quis. Accusantium omnis distinctio qui repellat praesentium.', 1, '2019-02-06 01:23:13', '2019-02-06 01:23:13'),
(58, 13, 'Prof. Lulu Dibbert', 'Repellendus rem a placeat in quam voluptatibus. Dicta enim eligendi nemo corporis. Ab consequuntur autem praesentium iste. Doloremque quas asperiores quis unde.', 5, '2019-02-06 01:23:13', '2019-02-06 01:23:13'),
(59, 20, 'Jerod Tremblay', 'Ducimus aut voluptates dolorum fuga corrupti beatae ad. Illo consequatur optio esse sunt placeat hic. Autem ea ea omnis veniam eum. Et ipsa quisquam doloremque molestiae qui.', 4, '2019-02-06 01:23:13', '2019-02-06 01:23:13'),
(60, 39, 'Tiffany Greenfelder', 'Veritatis rerum voluptatem mollitia veritatis ad quos minima incidunt. Dolores iste expedita ad dolor impedit odit occaecati rerum. Vitae enim doloremque rem.', 3, '2019-02-06 01:23:13', '2019-02-06 01:23:13'),
(61, 26, 'Celia Hyatt', 'Voluptatem ut delectus alias neque. Sed vel consequatur odit voluptatum et magnam omnis. Nemo laboriosam eos ipsam earum quis non.', 1, '2019-02-06 01:23:13', '2019-02-06 01:23:13'),
(62, 37, 'Julius Gleason', 'Perspiciatis voluptate eos quis mollitia consequatur et. Eaque tempore quaerat possimus aperiam non. Quod qui voluptas ea ratione sed asperiores veritatis.', 4, '2019-02-06 01:23:13', '2019-02-06 01:23:13'),
(63, 41, 'Ansley Daniel', 'Voluptas qui qui temporibus dolorum odio quo labore voluptates. Magni a voluptates inventore alias doloribus explicabo dolores. Libero molestias aspernatur veniam est sunt porro excepturi. Illo ab unde laudantium sint non dolores temporibus.', 3, '2019-02-06 01:23:13', '2019-02-06 01:23:13'),
(64, 37, 'Lorena Haley', 'Ut quaerat qui esse. Neque possimus qui et. Cum nulla eos inventore omnis pariatur sequi voluptas.', 1, '2019-02-06 01:23:13', '2019-02-06 01:23:13'),
(65, 11, 'Shania Reinger DDS', 'Porro quod id ea alias earum facere dolores molestiae. Qui sed ad aut itaque saepe. Id quos sit esse commodi dolore odit.', 2, '2019-02-06 01:23:13', '2019-02-06 01:23:13'),
(66, 7, 'Tillman D\'Amore', 'Molestias eius omnis ad. Et reiciendis est velit tempore itaque. Nesciunt ad earum recusandae consequatur.', 2, '2019-02-06 01:23:13', '2019-02-06 01:23:13'),
(67, 8, 'Lorine Kirlin', 'Omnis architecto ut consequuntur mollitia quia aspernatur nemo. Libero et sunt earum ducimus molestiae. Sed qui quas voluptates laborum ut veniam ut.', 0, '2019-02-06 01:23:13', '2019-02-06 01:23:13'),
(68, 45, 'Wilson Leuschke', 'Nisi laudantium delectus dolorem voluptate. Eos et expedita commodi voluptas. Quia perferendis accusantium sint voluptatem et nostrum.', 1, '2019-02-06 01:23:13', '2019-02-06 01:23:13'),
(69, 6, 'Zackery Kautzer', 'Quae harum autem deleniti consequatur enim quod. Quos laborum aperiam quo aliquam quo sed. Iste dignissimos eum vel. Odio ratione non voluptates exercitationem.', 2, '2019-02-06 01:23:13', '2019-02-06 01:23:13'),
(70, 21, 'Dusty Hodkiewicz', 'Beatae perferendis ut nemo deleniti dolorem. Eaque voluptatem at esse asperiores laudantium. Autem consequatur veritatis delectus blanditiis molestiae velit autem.', 1, '2019-02-06 01:23:13', '2019-02-06 01:23:13'),
(71, 2, 'Rozella Hartmann', 'Deleniti ipsa quidem aut eveniet. Omnis saepe rerum totam nulla cum. Incidunt sit eaque quibusdam. At rerum ullam sequi laboriosam fugiat qui.', 2, '2019-02-06 01:23:13', '2019-02-06 01:23:13'),
(72, 36, 'Mrs. Stacey Waters MD', 'Est consequatur et dolor explicabo. Consequatur ullam officia iure qui beatae asperiores accusantium. Distinctio optio quos ipsam et error.', 1, '2019-02-06 01:23:13', '2019-02-06 01:23:13'),
(73, 6, 'Ms. Kristy Kerluke MD', 'Sapiente alias dolores cupiditate aut sed provident voluptatibus. Vel perferendis vero sit voluptatem pariatur omnis ipsam. Et adipisci omnis ut. Quos recusandae non optio optio.', 5, '2019-02-06 01:23:14', '2019-02-06 01:23:14'),
(74, 30, 'Theodore Schmeler', 'Vero quo fugit labore. Excepturi rem quasi qui qui eos. Accusamus ullam pariatur molestias ullam magni magnam. Possimus est magni atque non quia.', 3, '2019-02-06 01:23:14', '2019-02-06 01:23:14'),
(75, 35, 'Dayna Medhurst', 'Assumenda incidunt in veritatis sequi. Dolores dicta et labore est et. Dolorem rem soluta mollitia dicta quis rerum. Omnis consectetur ut eos qui quos voluptate natus eligendi.', 5, '2019-02-06 01:23:14', '2019-02-06 01:23:14'),
(76, 13, 'Martin Ziemann', 'Et sint nulla non molestias quis sequi maxime. Necessitatibus at laudantium ut voluptatem. Non provident et ut autem dolores saepe.', 5, '2019-02-06 01:23:14', '2019-02-06 01:23:14'),
(77, 10, 'Marcelle Hettinger III', 'Maxime rerum aut necessitatibus veritatis. Deserunt occaecati nostrum et doloremque. Eos corrupti sit temporibus sit non inventore. Eveniet possimus nisi excepturi non facere.', 3, '2019-02-06 01:23:14', '2019-02-06 01:23:14'),
(78, 1, 'Deborah Gusikowski IV', 'Maiores aut distinctio eos quidem voluptatem dolorem. Est incidunt atque aut perspiciatis autem. Debitis qui rem voluptas. Nihil quis explicabo aut sint.', 0, '2019-02-06 01:23:14', '2019-02-06 01:23:14'),
(79, 46, 'Mr. Ceasar Considine DDS', 'Eos atque repudiandae vitae eligendi tempora nesciunt molestiae. Dolorem omnis hic voluptatem voluptas sed enim. Rem aut perferendis ratione at quod excepturi. Quisquam in aperiam voluptatem aut ea ut occaecati quos.', 0, '2019-02-06 01:23:14', '2019-02-06 01:23:14'),
(80, 50, 'Cecilia Little', 'Recusandae et sed dolor. Voluptatem porro est voluptatibus saepe. Corporis aut ea placeat tempore enim debitis aliquid consectetur.', 2, '2019-02-06 01:23:14', '2019-02-06 01:23:14'),
(81, 47, 'Burley Schmidt III', 'Eos doloribus ipsum et occaecati. Accusamus omnis at amet. Nemo vero dignissimos vel reiciendis quia molestiae eum perspiciatis. Laborum a error autem porro voluptates fugit magni cum.', 3, '2019-02-06 01:23:14', '2019-02-06 01:23:14'),
(82, 24, 'Unique Sawayn', 'Nulla velit consectetur veniam dicta. Accusantium voluptatum distinctio voluptates laboriosam maxime. Facere quis ullam consequuntur eligendi sit beatae non.', 2, '2019-02-06 01:23:14', '2019-02-06 01:23:14'),
(83, 32, 'Simeon Hessel I', 'Sit temporibus ipsum doloribus non sed sed asperiores. Voluptatibus sunt facere laudantium mollitia. Sunt eaque qui quia aut rerum.', 2, '2019-02-06 01:23:14', '2019-02-06 01:23:14'),
(84, 35, 'Lorna West', 'Nesciunt quo officia aperiam quod beatae beatae. Commodi facere qui iste omnis eligendi quia dignissimos. Non beatae voluptatem cupiditate ipsum eius totam.', 5, '2019-02-06 01:23:14', '2019-02-06 01:23:14'),
(85, 7, 'Rachael Christiansen', 'Non sequi veniam et quasi dicta saepe est. Veniam ex earum recusandae veritatis aut totam et. Explicabo nobis dolorem quasi. Tempore incidunt rem qui quasi quas ea.', 2, '2019-02-06 01:23:14', '2019-02-06 01:23:14'),
(86, 37, 'Mr. Salvatore Hoppe', 'Similique occaecati sapiente ipsa autem sint esse ea magnam. Labore iure id eaque repellendus. Animi dignissimos eligendi sed dolores. Quo delectus ut ad a accusantium saepe.', 0, '2019-02-06 01:23:14', '2019-02-06 01:23:14'),
(87, 11, 'Edythe Reichel', 'Iure delectus in alias voluptas ullam. Ratione rerum sint nisi. Ea vel provident quia molestias. Repudiandae debitis quia quisquam quia tempora magni ipsam.', 3, '2019-02-06 01:23:14', '2019-02-06 01:23:14'),
(88, 20, 'Velda Kunde', 'Sit esse nesciunt autem minus. Voluptatem est ut autem eaque rem. Praesentium tenetur rerum maxime molestias nulla sit provident.', 3, '2019-02-06 01:23:14', '2019-02-06 01:23:14'),
(89, 17, 'Jeanne Leffler', 'Enim non rem quia incidunt. Eveniet porro sint dolores est. Pariatur praesentium quo nihil sequi quasi magni ipsa. Consectetur saepe saepe in reprehenderit.', 1, '2019-02-06 01:23:14', '2019-02-06 01:23:14'),
(90, 22, 'Gonzalo Cartwright', 'Dolor quia eum ipsa consequatur iusto. Et tenetur repellendus architecto natus. Et non sunt perspiciatis et voluptates deleniti.', 1, '2019-02-06 01:23:14', '2019-02-06 01:23:14'),
(91, 15, 'Pete Orn', 'Laboriosam quis suscipit maiores similique. Nostrum et nam repellendus itaque ad consequuntur nulla tenetur. Quis ab sint velit modi dolorum.', 5, '2019-02-06 01:23:14', '2019-02-06 01:23:14'),
(92, 16, 'Prof. Darron Barrows', 'Molestias id aut voluptas. Est est dolores voluptatem molestiae nihil ea et.', 2, '2019-02-06 01:23:14', '2019-02-06 01:23:14'),
(93, 16, 'Joanny Heathcote', 'Repellendus rerum cumque enim impedit et voluptatibus aspernatur. Ut voluptas quaerat qui qui repellat et. Molestias molestiae perferendis dicta quibusdam alias fuga sit. Consectetur qui magni dicta qui qui suscipit quis.', 2, '2019-02-06 01:23:15', '2019-02-06 01:23:15'),
(94, 18, 'Bria Hudson', 'Autem sint perspiciatis cupiditate consequatur. Molestiae fugit sunt est ea vel enim. Placeat cupiditate fugit ut autem ab. Minus ut et asperiores aut.', 0, '2019-02-06 01:23:15', '2019-02-06 01:23:15'),
(95, 19, 'Vergie Balistreri', 'Eveniet laudantium temporibus vel inventore. Quam consequuntur et quos. Eum repudiandae nihil debitis vero cumque. Id officiis consequatur doloremque voluptatum quaerat tempora.', 5, '2019-02-06 01:23:15', '2019-02-06 01:23:15'),
(96, 18, 'Dr. Lyric Hill Sr.', 'Rerum natus temporibus impedit nostrum. Aspernatur voluptatibus molestiae qui excepturi consequatur debitis eos. Voluptas expedita dolores fugit. Mollitia numquam at voluptas natus. Accusantium omnis accusantium voluptates laborum.', 1, '2019-02-06 01:23:15', '2019-02-06 01:23:15'),
(97, 2, 'Jamie Skiles DVM', 'Ut consectetur aut exercitationem facilis. Nihil iusto repudiandae et sint rem blanditiis quas. Perspiciatis beatae aut voluptatem natus qui voluptate nesciunt harum.', 1, '2019-02-06 01:23:15', '2019-02-06 01:23:15'),
(98, 33, 'Callie Lehner', 'Quo temporibus consequatur veritatis et explicabo praesentium optio. Ipsa maxime ducimus deserunt impedit nihil accusantium. Amet quibusdam architecto qui repellendus exercitationem.', 5, '2019-02-06 01:23:15', '2019-02-06 01:23:15'),
(99, 1, 'Mrs. Nadia Mohr', 'Id quam aut qui id qui non. Aut officiis accusantium quam blanditiis. Consectetur eius quod eum. Enim vel et eveniet assumenda et velit et.', 0, '2019-02-06 01:23:15', '2019-02-06 01:23:15'),
(100, 20, 'Ted Gleichner', 'Provident quis voluptatem dolorem. Eligendi et pariatur quasi inventore alias dolores qui. Expedita non maiores dolor nesciunt sapiente.', 4, '2019-02-06 01:23:15', '2019-02-06 01:23:15'),
(101, 39, 'Roger Sporer', 'Et illo ut maiores quibusdam sit. Odio voluptatem sit est voluptas. Et in veritatis omnis perferendis illo delectus sunt debitis.', 5, '2019-02-06 01:23:15', '2019-02-06 01:23:15'),
(102, 27, 'Mr. Jarrod Lakin IV', 'Ut velit maiores voluptatem beatae et et. Voluptatem deserunt natus qui. Sapiente quo facilis deleniti nisi natus.', 3, '2019-02-06 01:23:15', '2019-02-06 01:23:15'),
(103, 29, 'Ms. Bria Bednar IV', 'Impedit veritatis omnis vel itaque. Ducimus vel praesentium laudantium sapiente. Et sint eum qui ut. Et quasi consequatur aspernatur facilis deleniti eveniet.', 0, '2019-02-06 01:23:15', '2019-02-06 01:23:15'),
(104, 20, 'Prof. Victor Bechtelar', 'Tenetur tenetur eius maiores aut qui quas est. Velit reiciendis voluptas soluta odit aliquid veniam laborum. Vel non itaque ea non qui sunt voluptatem.', 0, '2019-02-06 01:23:15', '2019-02-06 01:23:15'),
(105, 32, 'Dr. Dereck Cole', 'Sit veniam rem aspernatur est velit. Doloribus ex enim nihil est quas asperiores error.', 1, '2019-02-06 01:23:15', '2019-02-06 01:23:15'),
(106, 15, 'Mortimer Deckow', 'Assumenda ducimus reiciendis commodi quia. Quia aut sunt non recusandae accusantium eum ab eveniet. Necessitatibus et quidem dolorem qui vel.', 1, '2019-02-06 01:23:15', '2019-02-06 01:23:15'),
(107, 7, 'Tanner Dickens', 'Culpa illum et libero ut aut. Impedit cum adipisci doloremque natus quam rerum. Et sunt inventore reiciendis porro dolorem rerum.', 2, '2019-02-06 01:23:15', '2019-02-06 01:23:15'),
(108, 34, 'Augustine Feest', 'Quasi vitae voluptas aliquam. Sequi iusto aut tempore consequatur sapiente. Debitis dolores qui similique repellendus sed eum. Tenetur corrupti quo quia nihil ducimus cupiditate rerum.', 0, '2019-02-06 01:23:15', '2019-02-06 01:23:15'),
(109, 31, 'Juanita Wyman', 'Eaque tempore quaerat optio quas laboriosam et quis. Ratione velit aut autem et saepe. Voluptatem dolorem neque provident pariatur distinctio nobis et.', 2, '2019-02-06 01:23:15', '2019-02-06 01:23:15'),
(110, 22, 'Althea Altenwerth MD', 'Omnis excepturi neque suscipit maiores numquam ad voluptatem. Rerum fuga quo ducimus perferendis non delectus sed quisquam. Repellat ad ullam molestias voluptatem in.', 1, '2019-02-06 01:23:15', '2019-02-06 01:23:15'),
(111, 5, 'Shayne Hand', 'Ex blanditiis quia perferendis neque dolore. Sed voluptates repellendus nostrum unde.', 5, '2019-02-06 01:23:15', '2019-02-06 01:23:15'),
(112, 32, 'Adam Wilkinson', 'Nam hic quia in nisi. Enim commodi deleniti repudiandae et dicta aut magni. Sit aliquid aut et et ad nihil magnam. Adipisci consequatur cupiditate laborum veritatis ullam repellat esse. Et aut quisquam occaecati sit voluptatem sit non.', 3, '2019-02-06 01:23:15', '2019-02-06 01:23:15'),
(113, 31, 'Modesta Senger', 'Voluptatum repellendus perspiciatis impedit quos ducimus. Odio omnis cupiditate dicta blanditiis nihil sint ut et. Aut deserunt facilis aliquid non. Sint earum consequatur autem.', 5, '2019-02-06 01:23:15', '2019-02-06 01:23:15'),
(114, 2, 'Freeman Von', 'Soluta alias occaecati reiciendis quis quo. Consequatur ut odit aut dicta.', 1, '2019-02-06 01:23:15', '2019-02-06 01:23:15'),
(115, 20, 'Bill Osinski DVM', 'Rerum tenetur accusantium id. Vel velit minus impedit adipisci natus voluptas perspiciatis rem. Beatae non et rerum quasi. Quos esse aliquam quia reprehenderit.', 1, '2019-02-06 01:23:15', '2019-02-06 01:23:15'),
(116, 35, 'Mr. Ryder Pacocha I', 'Enim exercitationem quas ad voluptatibus. Qui itaque enim dolor corporis minima iusto natus vero. Id dolor rerum necessitatibus est odit dolores provident ut.', 2, '2019-02-06 01:23:15', '2019-02-06 01:23:15'),
(117, 1, 'Margaret Hammes II', 'Laudantium voluptas enim aspernatur neque praesentium nostrum modi. Quia ut veritatis quia at recusandae eius. Voluptatem ut cum deleniti voluptate. Neque accusantium quis ex reprehenderit dolorum.', 4, '2019-02-06 01:23:15', '2019-02-06 01:23:15'),
(118, 22, 'Paolo Rolfson I', 'Blanditiis rerum adipisci voluptas cumque dolores optio quo. Non veritatis omnis ut vel corporis est atque. Excepturi numquam explicabo libero doloribus facere quia qui. Magni ea aut nulla et.', 0, '2019-02-06 01:23:15', '2019-02-06 01:23:15'),
(119, 4, 'Paula Roob', 'Dolores et fugit expedita id aut laborum delectus quasi. Voluptas perspiciatis nesciunt hic fugiat molestiae. Consequatur iure rem soluta officiis adipisci vel sint.', 4, '2019-02-06 01:23:15', '2019-02-06 01:23:15'),
(120, 7, 'Kallie Bergstrom', 'Nulla laudantium sint inventore incidunt nisi adipisci ut a. Qui animi molestiae nihil eos et ut. Minus sed omnis ullam ut magnam.', 1, '2019-02-06 01:23:15', '2019-02-06 01:23:15'),
(121, 8, 'Jaylan Kassulke', 'Quaerat sit amet officiis laudantium cum quo dignissimos vero. Consequuntur deleniti commodi dolorem et aut nam nesciunt. Quas dolorem et et enim hic. Et aperiam voluptatum ipsam quisquam nam architecto. Error saepe ratione qui nihil molestias animi consequatur.', 2, '2019-02-06 01:23:15', '2019-02-06 01:23:15'),
(122, 9, 'Waino Bednar', 'Ipsam provident voluptatem beatae vel ut provident sed. Ipsum quis non non. Nostrum rerum sed omnis vero. Cum sed quia cum adipisci minus quibusdam.', 1, '2019-02-06 01:23:15', '2019-02-06 01:23:15'),
(123, 47, 'Camden O\'Reilly', 'Optio doloremque corrupti unde reiciendis aut eum omnis. Quos aliquid earum vitae ducimus quia nobis. Voluptate et qui quia ratione animi.', 1, '2019-02-06 01:23:15', '2019-02-06 01:23:15'),
(124, 32, 'Brandi Schowalter', 'Eligendi provident sequi ea iusto. Blanditiis nisi eum ratione. Ipsum cumque consequatur dignissimos autem atque aut. Aut perspiciatis et veritatis voluptatem voluptas corrupti nihil similique.', 3, '2019-02-06 01:23:16', '2019-02-06 01:23:16'),
(125, 13, 'Demario Blanda', 'Sed culpa neque rem eligendi suscipit. Eos sint ut temporibus molestias. Et vel quidem error rerum aliquid consequatur et alias. Sit similique excepturi inventore dicta.', 0, '2019-02-06 01:23:16', '2019-02-06 01:23:16'),
(126, 30, 'Sadye Strosin', 'Dolor qui id ut sed. Veniam pariatur repellendus officia aliquid. Qui et corrupti et incidunt exercitationem distinctio recusandae. Natus atque voluptas ullam.', 5, '2019-02-06 01:23:16', '2019-02-06 01:23:16'),
(127, 16, 'Isabelle Rippin', 'Voluptatem incidunt aut aperiam saepe laudantium molestias. Aliquam natus hic ab. Id fugit ratione aut.', 3, '2019-02-06 01:23:16', '2019-02-06 01:23:16'),
(128, 24, 'Telly Heathcote', 'Vitae temporibus reiciendis voluptatum ut libero quo. Laborum vel dolor commodi quidem. Natus exercitationem et non omnis. Et repellat non id tempore.', 0, '2019-02-06 01:23:16', '2019-02-06 01:23:16'),
(129, 34, 'Shaina Smith', 'Quis minus aut assumenda laboriosam. Quia iure corporis illo nemo cumque eum. Quas voluptatem possimus voluptatem optio hic voluptatem. Sit voluptate ab iusto.', 3, '2019-02-06 01:23:16', '2019-02-06 01:23:16'),
(130, 31, 'Moriah Hermann', 'Accusamus sed rerum id occaecati corporis facere sunt. Laborum unde architecto eius corrupti. Facere aut ipsa aperiam eius maxime consectetur.', 3, '2019-02-06 01:23:16', '2019-02-06 01:23:16'),
(131, 29, 'Julie Gulgowski', 'Dolores accusantium magni dicta a quae quia architecto. Repellendus non impedit voluptatum aliquam. Corrupti sit velit temporibus. Consequuntur cumque at unde minus voluptates magnam omnis.', 3, '2019-02-06 01:23:16', '2019-02-06 01:23:16'),
(132, 29, 'Reynold Wolff', 'Laboriosam quibusdam animi eos aut. Est mollitia aliquid enim ea pariatur atque quia. Dicta nam reiciendis neque corrupti voluptas dignissimos perferendis a. Et ex sint suscipit minima necessitatibus quia.', 3, '2019-02-06 01:23:16', '2019-02-06 01:23:16'),
(133, 25, 'Caitlyn Lesch', 'Occaecati facere occaecati sit omnis qui. Dolores alias provident saepe aut eos voluptatibus dicta. Enim ut magni quas rerum a. Et dolores rerum reprehenderit qui et omnis voluptatem.', 2, '2019-02-06 01:23:16', '2019-02-06 01:23:16'),
(134, 50, 'Levi Wyman', 'Vero voluptas nihil non ut nam nulla. Porro repellendus quia delectus fugit et qui. Fugit repellendus autem quaerat. Quis ut consequuntur nisi facere voluptatum aliquid id.', 3, '2019-02-06 01:23:16', '2019-02-06 01:23:16'),
(135, 25, 'Gerhard Wyman Sr.', 'Non possimus voluptas molestiae odit et. Similique animi non vero consequuntur dicta maxime. Alias dolorum voluptatem sint nam est. Autem ut ad tenetur et.', 2, '2019-02-06 01:23:16', '2019-02-06 01:23:16'),
(136, 20, 'Tremaine Gaylord', 'Culpa atque distinctio deleniti voluptatem libero soluta provident. Aliquam non nostrum ipsum totam. Fuga quae est qui aut officiis a omnis nobis.', 5, '2019-02-06 01:23:16', '2019-02-06 01:23:16'),
(137, 27, 'Mr. Oscar Koch I', 'Sed repudiandae ipsum nobis et voluptas voluptates. Ratione id delectus facilis quis ex voluptas. Itaque aut maiores voluptas fugiat sint. Magni ipsam modi et quibusdam.', 0, '2019-02-06 01:23:16', '2019-02-06 01:23:16'),
(138, 45, 'Zola Walter', 'Unde sit quia hic quia dicta iste. Quibusdam ex sint rerum qui doloribus non dolore. Nobis autem sequi eos molestias unde quia.', 0, '2019-02-06 01:23:16', '2019-02-06 01:23:16'),
(139, 38, 'Mustafa Treutel', 'Unde occaecati architecto aspernatur rem doloribus rerum distinctio. Et fugiat maxime voluptatem magnam tempore doloremque vel dolorem. Pariatur ut at a ea consequatur deleniti aut. Possimus sed praesentium et nulla harum autem recusandae.', 2, '2019-02-06 01:23:16', '2019-02-06 01:23:16'),
(140, 47, 'Grace Bergstrom', 'Omnis tenetur atque excepturi. Dolores ut rerum explicabo ut voluptatem nobis et. Illo nesciunt incidunt sunt eos quasi culpa. Nobis debitis natus rerum sunt molestiae.', 0, '2019-02-06 01:23:16', '2019-02-06 01:23:16'),
(141, 40, 'Mrs. Maudie Ward', 'Nesciunt at ut aut ad ut ipsa iure aliquid. Nam eaque alias aliquid expedita molestiae. Cumque libero quaerat perspiciatis.', 1, '2019-02-06 01:23:16', '2019-02-06 01:23:16'),
(142, 36, 'Daniella Purdy', 'Quas voluptatem dolor nemo iusto. Ut nesciunt magnam dolorem id in temporibus delectus consequatur. Ratione voluptas voluptatem nobis in quo qui ut.', 2, '2019-02-06 01:23:16', '2019-02-06 01:23:16'),
(143, 24, 'Cyrus O\'Conner', 'Consequatur illo et et omnis earum et. In enim inventore illum officia. In quaerat autem nesciunt quae ut.', 0, '2019-02-06 01:23:16', '2019-02-06 01:23:16'),
(144, 39, 'Ms. Gregoria Morissette', 'Enim culpa veniam minima. Vero exercitationem sint voluptatum aliquid. Nesciunt saepe adipisci accusamus ea.', 1, '2019-02-06 01:23:16', '2019-02-06 01:23:16'),
(145, 1, 'Reymundo Haley', 'Accusantium hic quia dolorum veniam. Animi iure adipisci nam rerum. Velit eaque aperiam eum recusandae non dolor debitis.', 5, '2019-02-06 01:23:16', '2019-02-06 01:23:16'),
(146, 44, 'Alba Torphy', 'Aspernatur amet sit voluptatibus et quas. Aut odit consequatur fugiat. Est debitis doloremque dolores. Nesciunt perspiciatis quisquam voluptates nostrum aut et optio.', 4, '2019-02-06 01:23:16', '2019-02-06 01:23:16'),
(147, 22, 'Mrs. Ana Kris', 'Ea ut eius accusamus eaque. Atque aliquam incidunt dicta aut harum animi. Occaecati illum qui qui omnis ad aut autem. Tempore aut debitis aut molestias aut. Sunt nihil ut numquam et corporis laborum itaque dolorem.', 4, '2019-02-06 01:23:16', '2019-02-06 01:23:16'),
(148, 28, 'Brando Yost', 'Corrupti reiciendis impedit amet amet expedita eveniet eveniet illum. Aspernatur architecto vel fugit a. Enim iusto voluptatem excepturi ea facilis numquam. Et officiis odit neque rerum.', 0, '2019-02-06 01:23:16', '2019-02-06 01:23:16'),
(149, 6, 'Miss Tierra Wisozk', 'Nihil quidem ut et aut. Aut quis ea suscipit et atque veniam sed. Neque earum est ullam doloremque voluptas incidunt et. Beatae et cumque et.', 2, '2019-02-06 01:23:16', '2019-02-06 01:23:16'),
(150, 20, 'Prof. Oliver Breitenberg V', 'Est velit eaque adipisci quas est eveniet aperiam. Aut illum ut veniam eaque voluptatibus magni est. Eveniet quibusdam itaque temporibus id deleniti sint.', 5, '2019-02-06 01:23:16', '2019-02-06 01:23:16'),
(151, 7, 'Cortez Hegmann PhD', 'Ut neque dignissimos aspernatur sed delectus et. Enim accusantium totam qui ex cum. Et a nihil earum.', 4, '2019-02-06 01:23:16', '2019-02-06 01:23:16'),
(152, 2, 'Dr. Yvette Gerlach MD', 'Autem voluptatum voluptatem iste et consequatur animi. Libero omnis quos laudantium magnam consequatur. Occaecati temporibus temporibus ut adipisci quas nesciunt vero nobis.', 3, '2019-02-06 01:23:16', '2019-02-06 01:23:16'),
(153, 15, 'Jennifer Hackett', 'Dolorem fugiat dolore adipisci ab quisquam iure qui et. Eum quibusdam consequuntur suscipit eius quia est fugit. Rerum doloribus laboriosam voluptatibus aut nemo amet.', 5, '2019-02-06 01:23:16', '2019-02-06 01:23:16'),
(154, 28, 'Dr. Brandy Hand', 'Qui odio enim quis. Consequatur ducimus blanditiis quisquam aut nesciunt. Quia dolores sit et deserunt maiores exercitationem. Voluptatum neque quia quia aperiam enim tenetur rem.', 0, '2019-02-06 01:23:17', '2019-02-06 01:23:17'),
(155, 49, 'Briana Farrell', 'Possimus molestiae aspernatur vel iure quo ab quod. Rerum nisi modi et eos minima quo. Nihil pariatur rem ut vitae.', 2, '2019-02-06 01:23:17', '2019-02-06 01:23:17'),
(156, 41, 'Sylvester Gutmann', 'Minima quasi quidem molestias saepe. Natus qui modi culpa qui. Maxime quod voluptatem sed ut corporis ut. Aperiam et quis magnam et.', 5, '2019-02-06 01:23:17', '2019-02-06 01:23:17'),
(157, 44, 'Miss Taryn Oberbrunner', 'Accusamus architecto beatae nam et. Vel deleniti explicabo distinctio. Aut est in velit consequatur. Voluptatum voluptatum sint reprehenderit.', 5, '2019-02-06 01:23:17', '2019-02-06 01:23:17'),
(158, 21, 'Mrs. Everette O\'Keefe MD', 'Asperiores sit autem aut vel unde ut autem. Suscipit facere quia magni ex quo. Autem optio est earum est et.', 3, '2019-02-06 01:23:17', '2019-02-06 01:23:17'),
(159, 28, 'Stephania Hayes V', 'Labore voluptatem saepe ea laborum assumenda libero consequatur vitae. Autem error unde esse et non cum rem. Eaque eos commodi iusto mollitia ratione eligendi alias itaque. Consequatur enim asperiores sed sed.', 0, '2019-02-06 01:23:17', '2019-02-06 01:23:17'),
(160, 8, 'Owen Grady', 'Aut molestiae dolorem quibusdam nobis. Impedit praesentium deserunt ut. Ut ab enim non molestiae. Sed quam molestias possimus numquam. Enim asperiores ut eos aut repudiandae aut.', 3, '2019-02-06 01:23:17', '2019-02-06 01:23:17'),
(161, 22, 'Buster Volkman', 'Ut corrupti dolorum doloribus voluptatum excepturi fugit consequuntur accusamus. Qui aperiam sed perferendis qui magni et. Vel voluptates porro eos error. Doloribus beatae dolor sit.', 4, '2019-02-06 01:23:17', '2019-02-06 01:23:17'),
(162, 38, 'Mr. Ted Johns', 'Quod sunt veniam eum voluptas aut est. Aliquam dolorem rerum consequatur eveniet. Quas iure sit exercitationem quis sequi impedit corporis reprehenderit.', 1, '2019-02-06 01:23:17', '2019-02-06 01:23:17'),
(163, 2, 'Josh Howell', 'Possimus a est velit qui aut. Quia id sit tempore sed quis rerum. Quia similique aut ut blanditiis adipisci et illum dolor. Quis expedita fugit sit provident.', 4, '2019-02-06 01:23:17', '2019-02-06 01:23:17'),
(164, 17, 'Dr. Ruth Keeling DDS', 'Voluptatibus quaerat eius rem accusantium sed. Velit eum alias quia. Qui omnis expedita quae vel et.', 2, '2019-02-06 01:23:17', '2019-02-06 01:23:17'),
(165, 42, 'Vivienne Blick I', 'Omnis deserunt fugit aut quo repellendus nisi quod. Assumenda sit consequatur sed consequuntur sed. Magni impedit architecto voluptatum dignissimos ut.', 4, '2019-02-06 01:23:17', '2019-02-06 01:23:17'),
(166, 10, 'May Larkin', 'Adipisci et nobis et numquam. Et est corrupti aut consequatur. Sed omnis reiciendis impedit harum. Et consequatur esse consequatur nihil dolore.', 1, '2019-02-06 01:23:17', '2019-02-06 01:23:17'),
(167, 40, 'Royal Ziemann', 'Sapiente corporis qui harum saepe molestiae ducimus voluptatem. Consequatur consequatur harum facere. Eligendi corporis earum commodi.', 2, '2019-02-06 01:23:17', '2019-02-06 01:23:17'),
(168, 23, 'Gisselle Bosco', 'Laborum consequuntur eum aspernatur maxime. Iusto iure consectetur sit. Velit et dolores quia libero quia perspiciatis. Ipsam dolorem vero officia dolor repellendus ipsam.', 5, '2019-02-06 01:23:17', '2019-02-06 01:23:17'),
(169, 38, 'Michelle Gutmann', 'Molestiae autem saepe veniam earum qui nemo molestiae. Eveniet ex aut eveniet dignissimos temporibus tempora minima dignissimos. Qui nemo magni voluptate. Autem amet voluptatem et omnis sint ut. Iusto totam excepturi velit voluptas omnis tenetur.', 4, '2019-02-06 01:23:17', '2019-02-06 01:23:17'),
(170, 11, 'Carissa O\'Connell', 'Eum debitis est totam omnis velit rerum. Pariatur corrupti adipisci et dolorem harum officia. Est rem quo illum amet odio ratione eius.', 5, '2019-02-06 01:23:17', '2019-02-06 01:23:17'),
(171, 11, 'Angeline Bosco V', 'Quisquam et ratione sit tempora quasi voluptatem. Voluptatem qui sint dicta eos corrupti facilis delectus rerum. Eaque nostrum facilis non et saepe minima aliquid. Omnis a sit consequatur.', 5, '2019-02-06 01:23:17', '2019-02-06 01:23:17'),
(172, 10, 'Prof. Daisha Kunde', 'Velit molestiae mollitia esse eum eveniet maiores doloremque. Eum porro fuga minus enim recusandae odit rerum. Qui possimus ipsam ratione similique expedita iste.', 1, '2019-02-06 01:23:17', '2019-02-06 01:23:17'),
(173, 31, 'Charlene Tillman', 'Fugit ipsum est repellendus aut quis. Sunt iusto ipsum amet facere numquam. Ad voluptates in repudiandae et sed quo placeat eligendi. Libero incidunt consequatur voluptatem animi optio.', 5, '2019-02-06 01:23:17', '2019-02-06 01:23:17'),
(174, 11, 'Mr. Derrick Sanford', 'Non rerum eius non tempora aspernatur nesciunt iste eligendi. Eaque sit blanditiis assumenda et. Repellendus ea dolores recusandae. Voluptates quia omnis dolor aut cum.', 2, '2019-02-06 01:23:17', '2019-02-06 01:23:17'),
(175, 13, 'Kareem Lind MD', 'Vel tempore voluptatem qui commodi eius facilis autem. Doloremque nihil impedit eaque quidem nihil.', 4, '2019-02-06 01:23:17', '2019-02-06 01:23:17'),
(176, 9, 'Ofelia Gutkowski', 'Ipsa molestiae molestias doloremque aut quae earum. Laudantium quidem suscipit ut dolorum deleniti quas. Inventore expedita autem beatae iusto.', 3, '2019-02-06 01:23:17', '2019-02-06 01:23:17'),
(177, 30, 'Bettie Stracke', 'Exercitationem magnam rem non dolor quasi dicta. Recusandae velit aut officiis quas sunt. Dicta facilis sit cumque dolores officia dolorem qui. Sunt ab nihil dolores.', 4, '2019-02-06 01:23:17', '2019-02-06 01:23:17'),
(178, 22, 'Enid Bashirian PhD', 'Sit voluptatibus exercitationem corporis doloremque. Rem ad tenetur expedita architecto cumque eaque. Aut veritatis at et minus. Quis dolores facere voluptatem adipisci numquam perspiciatis.', 1, '2019-02-06 01:23:17', '2019-02-06 01:23:17'),
(179, 33, 'Prof. Mitchell Emard V', 'Veritatis et possimus omnis distinctio accusantium. Ex cum quas sunt aut at similique. Est in repellendus voluptatibus autem exercitationem ducimus. Exercitationem nostrum quis eum. Unde sapiente at sed assumenda.', 2, '2019-02-06 01:23:17', '2019-02-06 01:23:17'),
(180, 28, 'Trever Tremblay', 'Exercitationem accusantium facilis unde vel officia. In eos consequatur et magni eligendi unde. Facere placeat consequatur et nesciunt id atque. Quis modi dolor qui aut voluptatem asperiores et et.', 1, '2019-02-06 01:23:17', '2019-02-06 01:23:17'),
(181, 28, 'Talia Howe', 'Et sit vitae sequi aliquid est non et. Dolorum adipisci aliquam qui quia harum sint. Sit praesentium corporis quia voluptas assumenda vel odio. Est quo beatae nesciunt.', 5, '2019-02-06 01:23:18', '2019-02-06 01:23:18'),
(182, 25, 'Miss Pinkie Hettinger III', 'Dolorem consequatur sit nobis ratione cum nobis et. Id qui ipsum mollitia est sit.', 5, '2019-02-06 01:23:18', '2019-02-06 01:23:18'),
(183, 8, 'Marisa Dibbert', 'Possimus non sint fugit recusandae ea reprehenderit. Vel repellat rem ut vel. Et labore sint architecto. Ut voluptatem consequatur velit corrupti nulla.', 2, '2019-02-06 01:23:18', '2019-02-06 01:23:18'),
(184, 31, 'Alexandria Hermann', 'Omnis iusto et consequatur est voluptatum nemo non. Animi esse sequi culpa inventore. Aut reprehenderit provident consequatur quasi. Accusamus quia provident dolorum corporis.', 0, '2019-02-06 01:23:18', '2019-02-06 01:23:18'),
(185, 49, 'Timothy Altenwerth', 'Quisquam et eum delectus consequatur porro reprehenderit sapiente. Animi asperiores dolores qui eos. Doloribus est suscipit sequi asperiores voluptatem. Quia et accusamus consequatur aliquid.', 3, '2019-02-06 01:23:18', '2019-02-06 01:23:18'),
(186, 20, 'Miss Carolanne Muller II', 'Ea non consequatur perferendis harum explicabo veritatis omnis. Consectetur ipsa dolores aut. Tempora est aut facere consequatur earum quia doloribus.', 3, '2019-02-06 01:23:18', '2019-02-06 01:23:18'),
(187, 22, 'Esmeralda Lindgren II', 'Mollitia voluptas quisquam nostrum laboriosam ut et numquam. Itaque illum nihil sapiente sapiente amet.', 0, '2019-02-06 01:23:18', '2019-02-06 01:23:18'),
(188, 17, 'Elyssa Kozey', 'Ut necessitatibus nulla culpa veritatis et ab libero. Consequuntur totam id incidunt repellendus ipsa. Non voluptas ea voluptatibus incidunt. Dolor nostrum incidunt repudiandae nobis.', 3, '2019-02-06 01:23:18', '2019-02-06 01:23:18'),
(189, 16, 'Tillman Thiel', 'Consequuntur ex nobis sed quis praesentium vel. Beatae officia voluptas voluptatem odit laborum cum. Debitis debitis neque sit voluptatem dolore doloremque.', 4, '2019-02-06 01:23:18', '2019-02-06 01:23:18'),
(190, 34, 'Broderick Rolfson MD', 'Ut eum fugiat ullam veritatis harum. Voluptatem et provident aspernatur sequi est quasi repudiandae. Aperiam consequatur quam aut.', 4, '2019-02-06 01:23:18', '2019-02-06 01:23:18'),
(191, 37, 'Miss Margret Graham DVM', 'Ut qui sed aperiam asperiores modi dignissimos. Fugit ut aspernatur necessitatibus et eveniet eum consequatur fugit. Necessitatibus cum necessitatibus ut amet nisi.', 4, '2019-02-06 01:23:18', '2019-02-06 01:23:18'),
(192, 20, 'Mrs. Burdette Larson Jr.', 'Et odio est molestiae accusantium quidem. Itaque labore nihil assumenda cumque cupiditate. Nemo sequi molestias quis consequuntur.', 5, '2019-02-06 01:23:18', '2019-02-06 01:23:18'),
(193, 16, 'Vicenta Hane', 'Deleniti libero iste mollitia veritatis dolorem consequatur. Incidunt vel necessitatibus repudiandae nam velit saepe hic. Minus provident et voluptatum. Asperiores autem sunt optio cumque asperiores at accusamus.', 3, '2019-02-06 01:23:18', '2019-02-06 01:23:18'),
(194, 45, 'Alicia O\'Conner', 'Velit sapiente possimus incidunt veniam non quibusdam ut. Maiores reprehenderit aut velit omnis illo sed dolor. Recusandae distinctio nostrum modi animi quo. Doloribus dolorem est rerum sit. Tempora qui quis aut itaque aut.', 3, '2019-02-06 01:23:18', '2019-02-06 01:23:18'),
(195, 28, 'Noemie Stamm', 'Necessitatibus corrupti nihil laudantium quod. Odit sit sunt eos veniam perspiciatis repellendus voluptatem. Deleniti perspiciatis iusto et dignissimos odit voluptatem. Quam qui asperiores hic assumenda quae aut inventore.', 5, '2019-02-06 01:23:18', '2019-02-06 01:23:18'),
(196, 18, 'Tevin Senger', 'Ratione qui dolor suscipit cum et. Nisi porro et sed aliquam distinctio natus voluptates. Illo explicabo ut veritatis nihil. Minima cumque quo sapiente.', 5, '2019-02-06 01:23:18', '2019-02-06 01:23:18'),
(197, 39, 'Francisca Ankunding', 'Voluptates commodi deserunt eos quia et modi ut. Iure quod id enim. Explicabo sit quibusdam beatae dignissimos dolores. Consequuntur qui non repellat.', 1, '2019-02-06 01:23:18', '2019-02-06 01:23:18'),
(198, 41, 'Miss Reanna Murazik Sr.', 'Perspiciatis et vero id reiciendis. Suscipit incidunt id velit occaecati quod consectetur molestiae. Eos voluptate reiciendis tempora nisi maxime voluptas reprehenderit.', 2, '2019-02-06 01:23:18', '2019-02-06 01:23:18'),
(199, 18, 'Michaela Beer', 'Nesciunt accusamus et voluptas in quia ea eos. Suscipit autem velit et cupiditate facilis.', 5, '2019-02-06 01:23:18', '2019-02-06 01:23:18'),
(200, 2, 'Ms. Monique Stark DDS', 'Laboriosam qui rerum soluta non. Accusantium ipsam soluta necessitatibus velit minus eveniet sint. Ipsa laborum veniam aut cumque molestias facilis laborum quia. Consectetur aliquid expedita beatae ipsum qui.', 3, '2019-02-06 01:23:18', '2019-02-06 01:23:18'),
(201, 16, 'Dr. Cristobal Welch', 'Accusantium eaque ut quam ea rerum. Assumenda iure similique ab consequatur ut. Qui qui amet quasi voluptatum.', 1, '2019-02-06 01:23:18', '2019-02-06 01:23:18'),
(202, 13, 'Trace Wolf V', 'Sint quis qui cupiditate voluptatibus et amet. Distinctio eum quae esse architecto recusandae. Expedita qui rerum distinctio occaecati quaerat repellat voluptatem.', 2, '2019-02-06 01:23:18', '2019-02-06 01:23:18'),
(203, 10, 'Miss Veronica Windler', 'Asperiores illum est architecto sunt iure iure iusto dolor. Quia repellat sed laudantium minima adipisci.', 3, '2019-02-06 01:23:18', '2019-02-06 01:23:18'),
(204, 33, 'Blair Kub', 'Vel ut voluptatem et ab qui commodi ad nesciunt. Aspernatur modi quae voluptatem numquam deserunt quibusdam officia. Ut sequi et ut atque consequatur. Aliquam tempore vel officia aut placeat quidem.', 1, '2019-02-06 01:23:18', '2019-02-06 01:23:18'),
(205, 10, 'Adela Treutel', 'Voluptatem temporibus sit corporis consequatur laudantium perferendis quasi. Rem totam nihil illo expedita perspiciatis esse. Repellendus numquam commodi explicabo nesciunt.', 3, '2019-02-06 01:23:18', '2019-02-06 01:23:18'),
(206, 31, 'Mrs. Pauline Considine', 'Minima nam animi porro sit. Nemo nam reiciendis architecto laudantium. Sint omnis atque vitae consectetur.', 0, '2019-02-06 01:23:18', '2019-02-06 01:23:18'),
(207, 46, 'Chelsea Grant', 'Provident omnis enim harum sed ducimus. Recusandae id ut vel hic non id voluptas. Aut quibusdam ipsam nobis quasi rerum aut voluptatibus.', 4, '2019-02-06 01:23:18', '2019-02-06 01:23:18'),
(208, 46, 'Prof. Oda Macejkovic III', 'Quia omnis tenetur voluptas est. Esse aut placeat at est eos. Dolorem numquam qui occaecati ab possimus.', 4, '2019-02-06 01:23:18', '2019-02-06 01:23:18');
INSERT INTO `reviews` (`id`, `product_id`, `customer`, `review`, `star`, `created_at`, `updated_at`) VALUES
(209, 16, 'Lina Koepp Jr.', 'Dolorem quas numquam molestiae. Aliquam inventore totam enim temporibus quia aut. Sed doloremque eos delectus ad earum et quo. Omnis sint est quas cupiditate.', 2, '2019-02-06 01:23:18', '2019-02-06 01:23:18'),
(210, 20, 'Dr. Vickie Hahn I', 'Rerum ea nobis praesentium ullam nobis at officiis voluptas. Nobis porro sed consequatur reiciendis deleniti fugiat occaecati. Quasi perspiciatis expedita explicabo enim recusandae harum. Autem totam fuga voluptas neque.', 4, '2019-02-06 01:23:18', '2019-02-06 01:23:18'),
(211, 35, 'Retha Steuber', 'Nesciunt expedita sit voluptates iure. Culpa voluptatibus quia alias dolores aut eum dolorem labore. Vel ea sunt minus et quis vitae officiis et. In nostrum qui aperiam ut saepe aut. Aut voluptate autem est tenetur minima ratione.', 5, '2019-02-06 01:23:18', '2019-02-06 01:23:18'),
(212, 34, 'Alfredo Mitchell DDS', 'Et qui ratione et temporibus sint dolorem qui. Aut magni sapiente eos quo. Laboriosam quibusdam aut expedita ea aut itaque ipsa accusamus.', 1, '2019-02-06 01:23:18', '2019-02-06 01:23:18'),
(213, 6, 'Scarlett Prohaska', 'At minus tenetur quia dolore itaque similique. Recusandae molestiae perspiciatis cum nemo qui voluptas.', 3, '2019-02-06 01:23:19', '2019-02-06 01:23:19'),
(214, 6, 'Ms. Dana Schamberger', 'Incidunt odit neque vel omnis dolor natus et molestias. Voluptates est praesentium voluptatem quia aut dolorem. Voluptatem rerum unde et voluptas aut. Consequuntur quibusdam sit nihil ipsum sint perferendis culpa quidem.', 1, '2019-02-06 01:23:19', '2019-02-06 01:23:19'),
(215, 15, 'Nakia Okuneva', 'Id omnis ea mollitia fugiat ab dolor deleniti. Aliquid eos sit occaecati necessitatibus. Dolor sit odit rerum voluptas adipisci. Consequatur dolores voluptatem occaecati mollitia laborum numquam soluta.', 2, '2019-02-06 01:23:19', '2019-02-06 01:23:19'),
(216, 10, 'Mr. Quincy Hauck Jr.', 'Assumenda praesentium qui modi et sed omnis. At nihil autem sequi ut.', 4, '2019-02-06 01:23:19', '2019-02-06 01:23:19'),
(217, 39, 'Myrna Willms', 'Libero dolor facere maxime repellat. Quae vitae est ducimus rerum quia. Ut dolorem magnam non molestiae.', 3, '2019-02-06 01:23:19', '2019-02-06 01:23:19'),
(218, 1, 'Gus Sporer', 'Sed nostrum optio et inventore earum. Ea culpa eos rerum. Aspernatur ea sunt animi quod explicabo voluptates assumenda. Et fugit omnis sit omnis commodi.', 5, '2019-02-06 01:23:19', '2019-02-06 01:23:19'),
(219, 15, 'Creola Hermiston', 'Accusantium occaecati veniam dolor error et quo. Quia dolores quibusdam laborum inventore.', 1, '2019-02-06 01:23:19', '2019-02-06 01:23:19'),
(220, 50, 'Zion Anderson', 'Quaerat sed voluptatum dolor quidem voluptatibus ratione exercitationem. Facilis sequi architecto assumenda facere est quas reprehenderit. Incidunt ut similique dolor debitis rem. Dolores ut reprehenderit earum doloremque consequatur placeat.', 3, '2019-02-06 01:23:19', '2019-02-06 01:23:19'),
(221, 19, 'Mr. Kelvin Volkman', 'Asperiores quam praesentium voluptatum temporibus. Qui incidunt voluptatibus quo aut saepe.', 1, '2019-02-06 01:23:19', '2019-02-06 01:23:19'),
(222, 38, 'Laisha Muller', 'Sunt soluta et distinctio rem qui et. Culpa quidem exercitationem quibusdam minus dignissimos adipisci. Ut pariatur amet voluptatem nihil.', 2, '2019-02-06 01:23:19', '2019-02-06 01:23:19'),
(223, 22, 'Wilfrid Kilback', 'Suscipit est nam quaerat dicta voluptates. Vel cupiditate corrupti aut earum illo. Ut at ut recusandae.', 4, '2019-02-06 01:23:19', '2019-02-06 01:23:19'),
(224, 12, 'Deja Schimmel', 'Illum magnam et incidunt inventore unde. Doloremque id in voluptatum qui in. Inventore amet temporibus unde dolores dignissimos vel aperiam. Et et dignissimos sed.', 1, '2019-02-06 01:23:19', '2019-02-06 01:23:19'),
(225, 24, 'Colby Harris', 'Et ut in voluptatem hic id. Maxime praesentium et qui sed. Dicta qui est quod accusantium et expedita. Ipsam voluptas asperiores aut quam ipsam error maxime.', 2, '2019-02-06 01:23:19', '2019-02-06 01:23:19'),
(226, 47, 'Caleigh Gutkowski', 'Dignissimos suscipit qui sint aperiam. Qui ut et dolor nisi. At ut vel quisquam dolores illo. Soluta dolores in in unde id optio.', 2, '2019-02-06 01:23:19', '2019-02-06 01:23:19'),
(227, 36, 'Gladys Murazik', 'Blanditiis corrupti repellendus non enim natus quia ea explicabo. Soluta modi et praesentium itaque. Pariatur eveniet quidem ea. Recusandae rerum sit sint ea recusandae possimus aspernatur.', 4, '2019-02-06 01:23:19', '2019-02-06 01:23:19'),
(228, 34, 'Dr. Tyshawn Flatley Sr.', 'Placeat totam quisquam aut molestiae voluptatem facere. Itaque quae dolor repudiandae laborum impedit inventore aperiam. Odit molestiae accusamus est quis accusantium doloribus.', 2, '2019-02-06 01:23:19', '2019-02-06 01:23:19'),
(229, 38, 'Otha Brakus Jr.', 'Vitae quas nihil rem doloribus ea accusantium occaecati dolores. Perspiciatis molestiae suscipit et accusantium rerum dignissimos. Ad nulla repellat adipisci facilis et. Fuga ratione aliquam asperiores.', 5, '2019-02-06 01:23:19', '2019-02-06 01:23:19'),
(230, 47, 'Katarina Schmidt DVM', 'Adipisci molestias qui aut aut quo voluptatem et. Sed quis ipsam illum explicabo. Cupiditate enim commodi odit odit culpa omnis.', 4, '2019-02-06 01:23:19', '2019-02-06 01:23:19'),
(231, 35, 'Patricia Fay', 'Quia nihil corrupti asperiores error rem. Molestias quo qui doloremque iure totam error. A omnis ipsa laborum eius quo in quibusdam.', 3, '2019-02-06 01:23:19', '2019-02-06 01:23:19'),
(232, 7, 'Wellington Torp', 'Minima est nesciunt laudantium necessitatibus et et distinctio. Debitis incidunt a nulla praesentium. Soluta distinctio nihil odit nisi occaecati maxime sit. Ipsa amet nemo consequatur quis.', 3, '2019-02-06 01:23:19', '2019-02-06 01:23:19'),
(233, 45, 'Charlene Harvey', 'Ea eligendi iure magnam. Ut dolorem incidunt et porro ea libero necessitatibus. Facilis nesciunt et aliquid culpa temporibus ipsa laboriosam. Omnis ducimus sed quod id repellendus labore harum perspiciatis. Quia cumque laudantium rerum hic nostrum fuga.', 0, '2019-02-06 01:23:19', '2019-02-06 01:23:19'),
(234, 1, 'Tessie Bartoletti', 'Quibusdam aut a quasi qui consequatur. Amet placeat enim repellendus rem odio non voluptatem. Quasi qui dolores consequatur consequatur.', 4, '2019-02-06 01:23:19', '2019-02-06 01:23:19'),
(235, 32, 'Mr. Nathanael Sipes', 'Eos omnis ea sed saepe. Eveniet praesentium at voluptates voluptatem explicabo. Eum quo quas cupiditate dolor.', 0, '2019-02-06 01:23:19', '2019-02-06 01:23:19'),
(236, 50, 'Rodolfo Satterfield II', 'Officiis est quisquam quia ea repellat vel tempore. Vel consequuntur repellat beatae minima repellat distinctio voluptatem.', 2, '2019-02-06 01:23:19', '2019-02-06 01:23:19'),
(237, 28, 'Sydnee Rohan', 'Sunt tempora suscipit cumque consequuntur voluptatem repudiandae fuga. Quis ab et aperiam rem. Odit officiis quis cupiditate atque commodi quia.', 5, '2019-02-06 01:23:19', '2019-02-06 01:23:19'),
(238, 1, 'Anastacio Nienow', 'Dolore ea qui quaerat sint aspernatur ullam assumenda voluptatem. Nihil odio et magnam totam rem. Sit maxime numquam eos corrupti.', 0, '2019-02-06 01:23:19', '2019-02-06 01:23:19'),
(239, 7, 'Ms. Nicole Dickens', 'Vel dolorum in facere. Laborum dolor dolor rerum excepturi molestiae doloremque iusto eligendi. Dolorum sapiente commodi labore ut autem natus aliquam. Quisquam consequatur in possimus adipisci debitis molestiae. Libero modi quasi a dolorum.', 3, '2019-02-06 01:23:19', '2019-02-06 01:23:19'),
(240, 44, 'Georgiana Haag', 'Quas aperiam aut exercitationem quam sequi quis est. Tempora dolor qui non ut voluptas ut. Voluptatem pariatur aut iure et id.', 4, '2019-02-06 01:23:19', '2019-02-06 01:23:19'),
(241, 48, 'Lonny Toy', 'Corrupti quia autem quia impedit omnis et ut. Error qui aut enim dolor repellendus officia doloremque.', 3, '2019-02-06 01:23:20', '2019-02-06 01:23:20'),
(242, 45, 'Elissa Beatty', 'Aut est voluptate rerum maxime facere laboriosam. Et ut dolor a est. Ut ducimus sapiente facilis accusantium quaerat. Ea consequatur nihil sed omnis eum neque officiis.', 1, '2019-02-06 01:23:20', '2019-02-06 01:23:20'),
(243, 38, 'Walton Gutmann', 'Qui necessitatibus officiis voluptatem temporibus quia. Voluptatem quo quibusdam ut blanditiis omnis. Occaecati voluptatibus ducimus accusantium officia sed officia.', 5, '2019-02-06 01:23:20', '2019-02-06 01:23:20'),
(244, 2, 'Prof. Erica Rolfson I', 'Laboriosam quaerat qui facere cupiditate eligendi et vel. Sint quisquam quasi nemo autem recusandae. Rerum occaecati hic earum dignissimos sed.', 2, '2019-02-06 01:23:20', '2019-02-06 01:23:20'),
(245, 45, 'Maud Nolan', 'Sequi architecto eos incidunt numquam eum sunt. Exercitationem inventore qui ea qui. Placeat at quos non aut perspiciatis consequatur.', 3, '2019-02-06 01:23:20', '2019-02-06 01:23:20'),
(246, 49, 'Era Crona Jr.', 'Eos sequi accusantium laudantium quod sed rerum perspiciatis maxime. Tenetur et facilis sint et expedita. Velit earum voluptatem id dolorum. Aut nisi quo molestiae eos.', 1, '2019-02-06 01:23:20', '2019-02-06 01:23:20'),
(247, 32, 'Friedrich Jacobi II', 'Fugit eos quod neque consequuntur est. Autem optio corporis labore aliquam molestiae vel. Rerum aliquam quos non culpa hic ab. Autem quia ducimus consequatur quia itaque.', 4, '2019-02-06 01:23:20', '2019-02-06 01:23:20'),
(248, 41, 'Mr. Miles Weimann Sr.', 'Sequi molestiae quos facere atque nesciunt dignissimos provident voluptatibus. Accusamus quaerat iusto quidem accusantium provident aspernatur aut. Saepe beatae et exercitationem cum sunt excepturi laborum. Cum a consequatur aut et amet.', 0, '2019-02-06 01:23:20', '2019-02-06 01:23:20'),
(249, 29, 'Audra Bechtelar', 'Nobis occaecati dolorem ex qui velit ipsum inventore. Voluptas iure impedit doloremque voluptatem earum eum. Ea ad aut impedit odio deserunt deserunt aut. Aliquid aut illo sequi beatae quae.', 2, '2019-02-06 01:23:20', '2019-02-06 01:23:20'),
(250, 17, 'Dr. Dayne Conn IV', 'Dignissimos eaque quod perspiciatis omnis omnis omnis doloribus. Enim neque dolorum aut sed. Optio provident eligendi repellendus numquam ipsa tenetur placeat molestiae. Molestiae quia quaerat qui. Quo omnis enim accusantium dolorem sunt porro aut quia.', 2, '2019-02-06 01:23:20', '2019-02-06 01:23:20'),
(251, 48, 'Vivianne Aufderhar', 'Doloribus iusto tempore perferendis omnis natus. Consequatur quidem aut unde exercitationem ea magnam. Doloremque et eligendi placeat magni quia sed.', 0, '2019-02-06 01:23:20', '2019-02-06 01:23:20'),
(252, 25, 'Loma Hermiston', 'Facere tenetur odit quas magnam enim. Magni minima officia ipsam vitae. Repudiandae aut minus veniam rerum. Aut adipisci eos nam molestiae deleniti suscipit vel.', 5, '2019-02-06 01:23:20', '2019-02-06 01:23:20'),
(253, 21, 'Prof. Jabari Welch', 'Error id non ut id voluptates est dolorem. Cumque ea neque dolor similique sunt cumque. Quis doloremque omnis recusandae minima sint numquam laudantium. Ut dolor sint quasi reprehenderit.', 1, '2019-02-06 01:23:20', '2019-02-06 01:23:20'),
(254, 37, 'Jovany Stiedemann', 'Ipsum assumenda ab corporis veritatis cumque qui. Veniam et placeat assumenda natus nisi. Dolores reprehenderit eveniet commodi eos atque nemo. Eius amet non et asperiores nobis. Possimus rerum dolorem totam.', 1, '2019-02-06 01:23:20', '2019-02-06 01:23:20'),
(255, 11, 'Margaretta Tillman', 'Ut velit dolor sed totam dolorum. Ut laboriosam dolore ratione. Magnam amet fugit neque perferendis iusto.', 1, '2019-02-06 01:23:20', '2019-02-06 01:23:20'),
(256, 42, 'Rebekah Collins', 'Deserunt eligendi quia qui corporis at quae ut. Odit et aspernatur sed ullam nihil nihil. Repellendus totam quidem natus recusandae.', 5, '2019-02-06 01:23:20', '2019-02-06 01:23:20'),
(257, 31, 'Uriel Donnelly', 'Libero sit pariatur voluptatem at. Molestiae porro temporibus a illum vero qui. Est aspernatur eos accusamus adipisci neque enim. Ex temporibus non quis dignissimos ipsa.', 3, '2019-02-06 01:23:20', '2019-02-06 01:23:20'),
(258, 7, 'Americo Cummerata Sr.', 'Provident earum explicabo earum possimus eos nemo. Harum dolores fugit et rerum et aliquid inventore. Omnis debitis quos minus dicta officiis.', 5, '2019-02-06 01:23:20', '2019-02-06 01:23:20'),
(259, 1, 'Alford Farrell', 'In natus nulla totam itaque fuga illum rem explicabo. Officia inventore eos pariatur aut quisquam consequuntur. Autem est odio voluptatem autem incidunt consequatur. Officiis dolorum deserunt libero.', 3, '2019-02-06 01:23:20', '2019-02-06 01:23:20'),
(260, 31, 'Lela Sauer', 'Aut unde nulla sint odio quidem et voluptatem. Saepe omnis id sequi earum mollitia enim. Velit officiis voluptate sapiente sed iusto vel molestias. Similique architecto quibusdam ipsam modi sed quos.', 3, '2019-02-06 01:23:20', '2019-02-06 01:23:20'),
(261, 28, 'Sedrick Davis', 'Et doloremque soluta ut alias quod. Qui aperiam voluptatem doloribus non aut minus qui. Blanditiis id aliquam eos nostrum libero voluptatum.', 4, '2019-02-06 01:23:20', '2019-02-06 01:23:20'),
(262, 47, 'Wilburn Fritsch', 'Ea tenetur sint unde sint molestias sit doloribus vel. Voluptatem mollitia similique reiciendis non facilis incidunt non omnis. Aut et autem est maiores aliquam. Optio error aut assumenda saepe et commodi vero.', 4, '2019-02-06 01:23:20', '2019-02-06 01:23:20'),
(263, 45, 'Prof. Jakob Jerde', 'Consequatur sed quos ratione aut distinctio magnam. Sint doloribus error voluptas rerum consequatur rem. Eius alias qui molestiae qui nihil ducimus similique molestiae.', 3, '2019-02-06 01:23:20', '2019-02-06 01:23:20'),
(264, 11, 'Rickie Trantow V', 'Nemo veniam laudantium ex omnis hic. Animi ducimus tenetur recusandae. Corporis porro cumque eos voluptatem ipsa iste. Dolor dicta necessitatibus autem eum autem.', 1, '2019-02-06 01:23:20', '2019-02-06 01:23:20'),
(265, 38, 'Sebastian Rowe DDS', 'Quasi impedit vero maxime. Aut dolor inventore fuga sit illo. Eos eius sed explicabo dicta reiciendis iusto asperiores nobis. Dolore voluptatem eligendi deserunt natus. Odit consequuntur provident sunt sint.', 1, '2019-02-06 01:23:20', '2019-02-06 01:23:20'),
(266, 18, 'Kamren Emmerich', 'Voluptas aut omnis facilis voluptatem quas. Architecto et impedit quis nobis consequuntur nihil est. Dolor eius dolorem laborum. Dolore explicabo aut repudiandae velit.', 1, '2019-02-06 01:23:20', '2019-02-06 01:23:20'),
(267, 44, 'Dr. Vanessa Cronin Sr.', 'Cum omnis molestiae occaecati ad itaque consequatur eaque. Asperiores doloremque et velit similique quos. Officiis velit qui id non qui excepturi. Atque quidem eos aliquam provident aperiam laborum reiciendis.', 2, '2019-02-06 01:23:20', '2019-02-06 01:23:20'),
(268, 12, 'Richard Gutmann', 'Impedit ea beatae maxime. Aspernatur facere aliquid nihil labore. Tempora est aliquam repudiandae similique quia facilis. Porro doloremque eum quasi fugit sunt voluptatem.', 3, '2019-02-06 01:23:20', '2019-02-06 01:23:20'),
(269, 40, 'Patricia Corwin III', 'Et impedit eos sed in debitis consequatur. Dolorem nihil aut eum. Consequatur recusandae enim doloribus officiis facere ut. Iusto quas aut perspiciatis aut.', 3, '2019-02-06 01:23:21', '2019-02-06 01:23:21'),
(270, 26, 'Mr. Kayden Johnston', 'Amet vel quibusdam est. Modi nisi distinctio consectetur inventore fugiat autem. Aut sed ratione modi nisi officiis labore.', 0, '2019-02-06 01:23:21', '2019-02-06 01:23:21'),
(271, 45, 'Dr. Florida Bode', 'Aut praesentium dolorem quod numquam in. Minima delectus quisquam non rerum voluptatibus laborum dolores ipsum. Corporis voluptas voluptatem qui ipsam. Nisi voluptatem alias magnam mollitia.', 4, '2019-02-06 01:23:21', '2019-02-06 01:23:21'),
(272, 40, 'Vaughn Ortiz', 'Modi molestias repellat enim eos distinctio repellat. Maxime numquam possimus quia doloremque mollitia. Officia quaerat nostrum veritatis aut.', 2, '2019-02-06 01:23:21', '2019-02-06 01:23:21'),
(273, 47, 'Jalen Torphy DVM', 'Eaque perferendis at aut facilis perferendis in. Odit earum quia temporibus maiores tempora accusamus. Necessitatibus expedita odio laudantium voluptas voluptate.', 3, '2019-02-06 01:23:21', '2019-02-06 01:23:21'),
(274, 36, 'Arch Hartmann III', 'Sed aut ut qui veritatis. Odio aliquid mollitia voluptas corporis optio tempore quia. Ut aspernatur voluptas perspiciatis fugiat nostrum quo. Ullam non maxime natus pariatur ratione voluptatem accusamus.', 2, '2019-02-06 01:23:21', '2019-02-06 01:23:21'),
(275, 37, 'Marty Block', 'Aspernatur sed voluptatem est eveniet error perferendis minima. Quas voluptatibus distinctio voluptatem nostrum. Optio ut enim eos sint sint.', 0, '2019-02-06 01:23:21', '2019-02-06 01:23:21'),
(276, 36, 'Prof. Mabelle Stokes I', 'Quia odit sed a eos qui. Minima dolores dolorum reiciendis beatae libero rem. Nesciunt id voluptas esse eos ducimus. Non et accusantium animi.', 5, '2019-02-06 01:23:21', '2019-02-06 01:23:21'),
(277, 42, 'Mr. Jakob Abbott', 'Consequatur est consectetur provident consequuntur et. Quisquam blanditiis in nesciunt magni. Vero doloremque corrupti maxime nesciunt praesentium qui.', 2, '2019-02-06 01:23:21', '2019-02-06 01:23:21'),
(278, 12, 'Miss Nelda Parisian', 'Non nihil perspiciatis harum. Hic velit non aut ratione ut id. Maxime architecto minus architecto consequatur error odit velit.', 0, '2019-02-06 01:23:21', '2019-02-06 01:23:21'),
(279, 10, 'Kenya Satterfield', 'Eum perferendis sit laudantium vero delectus est. Odit ut porro est sed quia.', 3, '2019-02-06 01:23:21', '2019-02-06 01:23:21'),
(280, 4, 'Benjamin Marks', 'Illum inventore qui distinctio incidunt. Odit deserunt deserunt ad dolor. Eos recusandae vel animi corporis voluptatem iusto quae.', 3, '2019-02-06 01:23:21', '2019-02-06 01:23:21'),
(281, 30, 'Merritt Corkery', 'Voluptates possimus cum nihil illo dicta expedita quia. Consequuntur qui corporis et explicabo. Nobis error in tempore. Suscipit mollitia eos aperiam autem laudantium quidem voluptatem.', 5, '2019-02-06 01:23:21', '2019-02-06 01:23:21'),
(282, 10, 'Mittie Hessel', 'Delectus dolorem repudiandae aut sapiente. Voluptatem quis quia molestiae dolore provident. Ut voluptatem quia omnis maxime. Maxime omnis et voluptatem aut in in.', 2, '2019-02-06 01:23:21', '2019-02-06 01:23:21'),
(283, 41, 'Abigale Kerluke IV', 'Dolorum ex modi consequatur distinctio doloremque. Dolore esse officia aut excepturi asperiores. Aut et cumque ad cupiditate quo esse. Laudantium tenetur sequi reprehenderit reiciendis in.', 1, '2019-02-06 01:23:21', '2019-02-06 01:23:21'),
(284, 6, 'Prof. Cory Gerhold', 'Rerum eum non odit aut fuga cum. Quae omnis dignissimos voluptas placeat ut repudiandae.', 1, '2019-02-06 01:23:21', '2019-02-06 01:23:21'),
(285, 24, 'Mr. Jettie Mueller', 'Accusamus minima corporis harum nostrum aliquid dolorem. Odio sapiente mollitia autem nobis eos.', 3, '2019-02-06 01:23:21', '2019-02-06 01:23:21'),
(286, 49, 'Murl Leffler', 'Molestias optio reiciendis nostrum praesentium et provident. Adipisci nesciunt voluptas quae est. Explicabo fugiat facere non ut placeat.', 1, '2019-02-06 01:23:21', '2019-02-06 01:23:21'),
(287, 1, 'Broderick Harber DVM', 'Totam est fuga eaque eos facere autem. Quibusdam molestiae suscipit hic facere rerum ut reiciendis perspiciatis. Voluptas natus maxime commodi ex. Excepturi nisi doloribus error numquam et et aliquid voluptatum.', 4, '2019-02-06 01:23:21', '2019-02-06 01:23:21'),
(288, 31, 'Herminio Carter III', 'Amet quaerat aut quas aut distinctio est unde. Pariatur voluptate labore voluptatibus natus. Dignissimos est autem cupiditate eius.', 0, '2019-02-06 01:23:21', '2019-02-06 01:23:21'),
(289, 1, 'Sandrine Funk', 'Esse veniam debitis sint harum aut consectetur. Corrupti rerum tempore velit omnis voluptates quod id in. Voluptate ab quisquam sapiente unde alias aspernatur eum.', 2, '2019-02-06 01:23:21', '2019-02-06 01:23:21'),
(290, 50, 'Laney Cassin', 'Voluptatem voluptatum nesciunt magnam qui sit cum voluptas rerum. Asperiores iste sapiente corrupti ea doloremque. Occaecati omnis sunt ipsa est. Sint suscipit dolorem facere mollitia laboriosam magni eos.', 1, '2019-02-06 01:23:21', '2019-02-06 01:23:21'),
(291, 4, 'Toni Schiller', 'Cum amet saepe velit est dignissimos sapiente maiores placeat. Quia doloremque rem delectus officia quia. Sunt animi quidem maxime quas sed suscipit voluptatem. Autem numquam neque voluptate sunt nam qui. Quidem eos deserunt laboriosam dignissimos cumque quam cum.', 4, '2019-02-06 01:23:21', '2019-02-06 01:23:21'),
(292, 46, 'Reymundo Spinka', 'Eligendi sit ipsam qui aspernatur nam aut. Eum voluptatibus odit omnis temporibus. Nulla consequatur itaque rem accusamus sit aut id. Aut non nihil recusandae laudantium voluptates mollitia odio. Minima est quia beatae dignissimos.', 4, '2019-02-06 01:23:21', '2019-02-06 01:23:21'),
(293, 18, 'Prof. Aidan Cummerata II', 'Animi atque esse non eligendi. Accusamus assumenda officiis doloremque nihil quia est aut. Similique et modi earum architecto dolore facere.', 2, '2019-02-06 01:23:21', '2019-02-06 01:23:21'),
(294, 27, 'Vita Jones', 'Laboriosam qui voluptas animi quos. Itaque quia consectetur quasi id illo. Fugit sunt delectus et et voluptates. Qui enim veniam aspernatur excepturi maiores beatae. Quia dolor architecto voluptas veniam accusantium nostrum.', 2, '2019-02-06 01:23:22', '2019-02-06 01:23:22'),
(295, 46, 'Westley Jacobson Jr.', 'Omnis consequuntur voluptatem quis harum quo iste. Eum excepturi repudiandae eaque voluptatem quidem amet sapiente. Dolores est quia sint itaque deserunt.', 4, '2019-02-06 01:23:22', '2019-02-06 01:23:22'),
(296, 48, 'Ms. Dora Lemke', 'Quas ab suscipit voluptatum numquam id et nesciunt nam. Velit similique dolorum velit magni et culpa ut qui. Aspernatur atque veniam quisquam eos eaque molestiae iusto quae. Maxime ut voluptatem rerum aliquam blanditiis.', 2, '2019-02-06 01:23:22', '2019-02-06 01:23:22'),
(297, 36, 'Jarod Gibson', 'Eum quibusdam quos id itaque. Illum magnam et deleniti ea. Officia nostrum rerum quia.', 3, '2019-02-06 01:23:22', '2019-02-06 01:23:22'),
(298, 30, 'Citlalli Bode DVM', 'Veritatis asperiores suscipit consectetur excepturi. Modi sit quisquam eius vitae aut eum porro. Quibusdam et quaerat molestiae illum sapiente iusto magni enim. Praesentium voluptatem hic dolorem eligendi.', 3, '2019-02-06 01:23:22', '2019-02-06 01:23:22'),
(299, 24, 'Providenci Okuneva Jr.', 'Fugiat qui ex quo nisi architecto repellat. Maxime iste sit id ut est magnam. Officiis autem sequi vero sunt odit magni. Dolores sint dicta voluptatem quis quibusdam.', 0, '2019-02-06 01:23:22', '2019-02-06 01:23:22'),
(300, 4, 'Dr. Delaney Kulas PhD', 'Ea modi aliquam consequatur vitae voluptates ab. Illum rem maiores quo adipisci voluptatum sunt nisi.', 0, '2019-02-06 01:23:22', '2019-02-06 01:23:22');

-- --------------------------------------------------------

--
-- Table structure for table `users`
--

CREATE TABLE `users` (
  `id` int(10) UNSIGNED NOT NULL,
  `name` varchar(255) COLLATE utf8mb4_unicode_ci NOT NULL,
  `email` varchar(100) COLLATE utf8mb4_unicode_ci NOT NULL,
  `password` varchar(255) COLLATE utf8mb4_unicode_ci NOT NULL,
  `remember_token` varchar(100) COLLATE utf8mb4_unicode_ci DEFAULT NULL,
  `created_at` timestamp NULL DEFAULT NULL,
  `updated_at` timestamp NULL DEFAULT NULL
) ENGINE=InnoDB DEFAULT CHARSET=utf8mb4 COLLATE=utf8mb4_unicode_ci;

--
-- Indexes for dumped tables
--

--
-- Indexes for table `migrations`
--
ALTER TABLE `migrations`
  ADD PRIMARY KEY (`id`);

--
-- Indexes for table `password_resets`
--
ALTER TABLE `password_resets`
  ADD KEY `password_resets_email_index` (`email`);

--
-- Indexes for table `products`
--
ALTER TABLE `products`
  ADD PRIMARY KEY (`id`);

--
-- Indexes for table `reviews`
--
ALTER TABLE `reviews`
  ADD PRIMARY KEY (`id`),
  ADD KEY `reviews_product_id_index` (`product_id`);

--
-- Indexes for table `users`
--
ALTER TABLE `users`
  ADD PRIMARY KEY (`id`),
  ADD UNIQUE KEY `users_email_unique` (`email`);

--
-- AUTO_INCREMENT for dumped tables
--

--
-- AUTO_INCREMENT for table `migrations`
--
ALTER TABLE `migrations`
  MODIFY `id` int(10) UNSIGNED NOT NULL AUTO_INCREMENT, AUTO_INCREMENT=5;

--
-- AUTO_INCREMENT for table `products`
--
ALTER TABLE `products`
  MODIFY `id` int(10) UNSIGNED NOT NULL AUTO_INCREMENT, AUTO_INCREMENT=51;

--
-- AUTO_INCREMENT for table `reviews`
--
ALTER TABLE `reviews`
  MODIFY `id` int(10) UNSIGNED NOT NULL AUTO_INCREMENT, AUTO_INCREMENT=301;

--
-- AUTO_INCREMENT for table `users`
--
ALTER TABLE `users`
  MODIFY `id` int(10) UNSIGNED NOT NULL AUTO_INCREMENT;

--
-- Constraints for dumped tables
--

--
-- Constraints for table `reviews`
--
ALTER TABLE `reviews`
  ADD CONSTRAINT `reviews_product_id_foreign` FOREIGN KEY (`product_id`) REFERENCES `products` (`id`) ON DELETE CASCADE;
COMMIT;

/*!40101 SET CHARACTER_SET_CLIENT=@OLD_CHARACTER_SET_CLIENT */;
/*!40101 SET CHARACTER_SET_RESULTS=@OLD_CHARACTER_SET_RESULTS */;
/*!40101 SET COLLATION_CONNECTION=@OLD_COLLATION_CONNECTION */;
